date,medio,titulo,contenido,sentiment
2026-08-04,Diario del Huila,"Exportaciones de Colombia crecieron 7%, pero café y flores siguen en caída.","Exportaciones de Colombia crecieron 7%, pero café y flores siguen en caída.

Las ventas externas alcanzaron US$4.233,5 millones en junio, impulsadas principalmente por el petróleo. En contraste, el café tostado se desplomó 63,1% y las flores cayeron 22,7%.

Las exportaciones colombianas crecieron 7% en junio , pero el resultado esconde una realidad menos favorable para algunos de los productos tradicionales del país. Mientras el petróleo impulsó las ventas externas, las exportaciones de café y flores registraron importantes retrocesos .

Según el reporte del DANE , Colombia exportó en junio US$4.233,5 millones FOB , frente a los US$3.956 millones registrados en el mismo mes de 2025.

El crecimiento estuvo principalmente relacionado con el comportamiento del sector de combustibles y productos derivados del petróleo , que volvió a convertirse en el principal motor del comercio exterior colombiano.

Las ventas externas de petróleo alcanzaron US$1.266,3 millones FOB en junio , con un crecimiento de 17,6% frente al mismo mes del año anterior.

El comportamiento de los combustibles contrasta con el resultado del sector agropecuario. Las exportaciones de Agro sumaron US$1.093 millones en junio, una caída de 10,8% frente a los US$1.225,8 millones de junio de 2025.

Y dentro de ese sector aparecen dos de los productos más representativos de Colombia en los mercados internacionales: café y flores .

Las ventas externas de café sin tostar cayeron 12,7% en junio frente al mismo mes de 2025.

La situación fue todavía más marcada en el café tostado, cuyas exportaciones se desplomaron 63,1% .

En el caso de las flores , las ventas externas disminuyeron 22,7% durante junio.

El comportamiento preocupa especialmente porque ambos productos enfrentan un escenario complejo por la apreciación del peso colombiano , que, según el análisis citado en el reporte, afecta la competitividad de los exportadores nacionales al momento de convertir sus ingresos externos a pesos.

Las flores, además, enfrentan un nuevo desafío en el mercado estadounidense por el arancel del 12,5% señalado en el reporte.

El golpe también se refleja en el primer semestre

La tendencia no se limita a junio. Entre enero y junio, las exportaciones colombianas alcanzaron US$27.844 millones FOB , lo que representa un crecimiento de 14,2% frente al mismo periodo de 2025.

Sin embargo, nuevamente el petróleo explica buena parte del resultado.

Durante el primer semestre, las exportaciones de petróleo llegaron a US$7.745 millones , con un incremento de 19,3% .

En contraste, el café y las flores registraron caídas en sus ventas externas acumuladas.

Las exportaciones de café sumaron US$2.400 millones , pero disminuyeron 11,6% frente al primer semestre del año pasado.

Las flores , por su parte, alcanzaron US$1.338 millones en ventas externas, aunque registraron una reducción de 5% .

El sector de Manufacturas tuvo un comportamiento más moderado y registró un crecimiento de 2,4% durante junio.

El resultado estuvo impulsado principalmente por las ventas externas de productos químicos , que alcanzaron US$406,4 millones.

Así, aunque las exportaciones colombianas mantienen una tendencia positiva en términos generales, las cifras muestran una composición desigual: el petróleo gana fuerza, mientras productos tradicionales como el café y las flores pierden terreno en los mercados internacionales .

El comportamiento del segundo semestre será clave para establecer si esta brecha se mantiene o si el agro logra recuperar parte del terreno perdido.",neutral
2026-08-04,Diario del Huila,"Actividad económica del país creció 2,2% en el primer trimestre de 2026.","Actividad económica del país creció 2,2% en el primer trimestre de 2026.

La economía colombiana registró un crecimiento de 2,2% durante el primer trimestre de 2026, de acuerdo con los resultados del Indicador Trimestral de Actividad Económica Departamental (ITAED) publicados por el Departamento Administrativo Nacional de Estadística (DANE).

La medición permite conocer el comportamiento de la actividad productiva en las regiones y comparar el desempeño económico de los departamentos durante los primeros meses del año.

El indicador mostró diferencias entre los territorios, con algunos departamentos que presentaron mayores tasas de crecimiento frente al comportamiento nacional. Los resultados reflejan la dinámica de las actividades económicas desarrolladas en cada región y su aporte al valor agregado del país.

Santander lideró el crecimiento regional

Durante el primer trimestre de 2026, Santander registró la mayor tasa de crecimiento económico departamental con una variación de 3,1%, ubicándose como el territorio con mejor desempeño dentro de la medición del DANE.

A este resultado le siguieron Antioquia, con un crecimiento de 2,9%, y Cundinamarca, con una variación positiva de 2,7%. Estos departamentos encabezaron el comportamiento de la actividad económica en Colombia durante el periodo analizado.

Diferencias en el ritmo económico de los departamentos

El ITAED permite observar cómo evoluciona la generación de valor agregado en los departamentos y aporta información para analizar la recuperación y expansión de los sectores productivos en las regiones.

El comportamiento económico depende de factores como la dinámica de las actividades industriales, comerciales, agropecuarias, de servicios y construcción, que tienen diferentes niveles de participación según las características de cada territorio.

Indicador sirve para medir la economía regional

Los resultados del Indicador Trimestral de Actividad Económica Departamental hacen parte de las estadísticas de cuentas nacionales elaboradas por el DANE y ofrecen una aproximación al desempeño económico de los departamentos antes de la publicación de otros indicadores anuales.

La información es utilizada por entidades públicas, sectores productivos e investigadores para hacer seguimiento a la evolución económica regional y analizar los cambios en la actividad productiva del país.",positivo
2026-08-04,Diario del Huila,Papa baja de precio y alimentos básicos mantienen estabilidad en los mercados.,"Papa baja de precio y alimentos básicos mantienen estabilidad en los mercados.

El más reciente reporte de las principales centrales mayoristas del país muestra una reducción en el precio de la papa y un comportamiento estable en varios productos esenciales de la canasta familiar. Aunque persisten algunas variaciones en frutas y hortalizas, el abastecimiento continúa sin mayores contratiempos.

El comportamiento de los precios de los alimentos comenzó la semana con señales positivas para los consumidores colombianos. De acuerdo con el más reciente reporte del mercado mayorista, la papa registró una disminución en su cotización, mientras que varios productos básicos de la canasta familiar mantuvieron estabilidad, favorecidos por un abastecimiento constante desde las principales zonas productoras del país.

El denominado «termómetro de los alimentos» refleja que el ingreso regular de productos agrícolas a las centrales de abastos ha permitido mantener el equilibrio entre la oferta y la demanda, reduciendo la presión sobre algunos precios que durante meses mostraron alta volatilidad.

Aunque algunos alimentos presentan leves incrementos asociados a factores climáticos y logísticos, el panorama general es de estabilidad para buena parte de los productos que diariamente adquieren los hogares colombianos.

Uno de los alimentos que más alivio representa para el bolsillo de los consumidores es la papa, cuyo precio presentó una reducción en los mercados mayoristas.

Este comportamiento responde principalmente al aumento en la oferta procedente de las zonas productoras, donde las cosechas han permitido incrementar el volumen de abastecimiento hacia las principales centrales del país.

La mayor disponibilidad del tubérculo ha generado una disminución en las cotizaciones, favoreciendo tanto a comerciantes como a consumidores finales, quienes durante los últimos años enfrentaron fuertes incrementos en este producto esencial de la dieta colombiana.

Los analistas del mercado señalan que, mientras continúe el ingreso constante de producto fresco, la tendencia podría mantenerse durante los próximos días.

Además de la reducción en el precio de la papa, el reporte evidencia que varios alimentos de consumo diario mantienen un comportamiento estable.

Entre ellos se encuentran diferentes productos básicos de la canasta familiar cuyo abastecimiento no presenta alteraciones importantes gracias al flujo normal de mercancías desde las regiones agrícolas.

Esta estabilidad contribuye a reducir la presión sobre el gasto de los hogares, especialmente en un contexto en el que la inflación de alimentos continúa siendo uno de los indicadores más observados por consumidores y autoridades económicas.

Los comerciantes aseguran que el volumen de ingreso de productos permite atender adecuadamente la demanda sin generar incrementos significativos en los precios.

Oferta suficiente en las centrales de abastos

El comportamiento favorable del mercado también está relacionado con el normal funcionamiento de la cadena logística.

Las principales centrales mayoristas reportan un abastecimiento suficiente de frutas, verduras, tubérculos y otros productos agrícolas, lo que ha permitido mantener una oferta amplia para distribuidores y comerciantes minoristas.

Expertos explican que cuando el ingreso de alimentos se desarrolla sin interrupciones por factores climáticos, bloqueos o problemas de transporte, el mercado tiende a estabilizar los precios y evitar variaciones bruscas.

Sin embargo, advierten que las condiciones meteorológicas continúan siendo un factor determinante para el comportamiento futuro de los alimentos perecederos.

El clima sigue siendo un factor de riesgo

Aunque el panorama actual es favorable, el comportamiento de los precios agrícolas continúa dependiendo en gran medida de las condiciones climáticas.

Fenómenos como lluvias intensas, sequías o la eventual consolidación de un episodio fuerte de El Niño podrían afectar la producción y el transporte de alimentos, generando nuevas presiones sobre los precios de productos como papa, plátano, frutas, hortalizas y verduras.

Los especialistas recuerdan que el mercado agrícola colombiano es especialmente sensible a este tipo de variables, debido a que gran parte de la producción depende de pequeños y medianos agricultores distribuidos en diferentes regiones del país.

La reducción en el precio de la papa y la estabilidad observada en otros alimentos representan una noticia positiva para las familias colombianas, que durante los últimos años han enfrentado un aumento considerable en el costo de vida.

Los alimentos constituyen uno de los componentes con mayor peso dentro del gasto mensual de los hogares, por lo que cualquier disminución o estabilidad en sus precios tiene un impacto directo sobre el presupuesto familiar.

Economistas consideran que, si las condiciones actuales de abastecimiento se mantienen y no se presentan choques climáticos o logísticos importantes, los consumidores podrían continuar observando un comportamiento relativamente favorable en varios productos de la canasta básica durante las próximas semanas.

No obstante, insisten en que el mercado agropecuario continúa expuesto a factores externos que pueden modificar rápidamente la dinámica de precios, razón por la cual el seguimiento permanente al comportamiento de las centrales mayoristas seguirá siendo determinante para anticipar posibles cambios en el costo de los alimentos.

En este contexto, el inicio de la semana deja un balance alentador: una mayor oferta de papa que reduce su precio y un conjunto de productos básicos que conservan estabilidad, ofreciendo un respiro para el bolsillo de millones de consumidores colombianos.",positivo
2026-08-05,Diario del Huila,Colombia exportó más servicios empresariales y de transporte durante mayo.,"Colombia exportó más servicios empresariales y de transporte durante mayo.

Durante ese mes, otros servicios empresariales representaron US$270,0 millones de las exportaciones, seguidos por los servicios de transporte con US$263,3 millones y los servicios de telecomunicaciones, informática e información con US$188,0 millones.

Estados Unidos concentró la mayor demanda

Estados Unidos se mantuvo como el principal destino de las exportaciones colombianas de servicios durante mayo, seguido por Brasil y España.

En comparación con mayo de 2025, las ventas de servicios hacia Estados Unidos aumentaron 12,0%, mientras que las dirigidas a Brasil registraron un crecimiento de 24,8%. En el caso de España, la variación anual fue de 4,0%.

Los resultados hacen parte de la medición mensual que realiza el DANE sobre el comercio exterior de servicios, con la que se analiza el comportamiento de las exportaciones e importaciones de este sector y los principales mercados con los que Colombia mantiene intercambios.

La información correspondiente a mayo de 2026 incluye el boletín técnico y los anexos estadísticos publicados por la entidad, donde se presentan los datos detallados sobre las actividades y destinos que hacen parte de la medición.",positivo
2026-08-06,Diario del Huila,Colombia en alerta: ACP advierte riesgo de desabastecimiento de combustibles.,"Colombia en alerta: ACP advierte riesgo de desabastecimiento de combustibles.

Colombia enfrenta una nueva alerta sobre su seguridad energética. La ACP advirtió que, sin decisiones urgentes para fortalecer el abastecimiento y ajustar la política de combustibles, el país podría afrontar dificultades para responder a una eventual sequía y una creciente dependencia de las importaciones.

La seguridad energética de Colombia enfrenta uno de sus mayores desafíos de la última década. Así lo plantea la Asociación Colombiana del Petróleo y Gas (ACP) en su más reciente informe económico, en el que advierte que el país deberá prepararse desde ahora para evitar problemas de abastecimiento de combustibles líquidos, especialmente si en los próximos años coincide un Fenómeno de El Niño de gran intensidad con una infraestructura insuficiente y un mercado que dependerá cada vez más de las importaciones.

El documento, titulado Combustibles líquidos: pilar de la seguridad energética. Contexto del sector en 2025 y expectativas a 2031 , sostiene que el diésel será un combustible estratégico para responder a eventuales emergencias energéticas. En un escenario de sequía severa, este energético podría aportar hasta el 9 % de la generación eléctrica nacional mediante las plantas térmicas, lo que implicaría incrementar cerca del 30 % la demanda habitual y planificar con anticipación la logística para importar mayores volúmenes.

La advertencia del gremio no solo se concentra en el abastecimiento. También señala que la estabilidad financiera del Fondo de Estabilización de Precios de los Combustibles (FEPC), los problemas de infraestructura y la creciente dependencia del mercado internacional conforman una combinación que obliga a tomar decisiones inmediatas para evitar una futura crisis.

El informe destaca que la cadena de distribución de combustibles líquidos continúa siendo uno de los pilares del aparato productivo colombiano.

Durante 2025 esta actividad representó alrededor del 1,5 % del Producto Interno Bruto (PIB), movilizando inversiones cercanas a los $3,1 billones destinadas a ampliar la capacidad de almacenamiento, modernizar plantas, fortalecer los sistemas de transporte mediante poliductos e incorporar nuevas alternativas de movilidad sostenible.

Las proyecciones para 2026 muestran un incremento de esas inversiones hasta los $3,3 billones, impulsadas por proyectos como el mejoramiento de la calidad de las gasolinas en la Refinería de Barrancabermeja, la entrada en funcionamiento de la Terminal de Almacenamiento Operativo del aeropuerto El Dorado y la adecuación de nuevas instalaciones para el cargue y descargue de combustibles en plantas mayoristas.

Para Frank Pearl, presidente de la ACP, fortalecer el abastecimiento de combustibles líquidos equivale a proteger la seguridad energética del país.

«Los combustibles líquidos hacen posible que Colombia se mueva todos los días. Están presentes en el transporte de personas y mercancías, la aviación, la producción de alimentos, la industria y muchos servicios esenciales», señaló el dirigente gremial.

El comportamiento del mercado durante 2025 dejó señales mixtas.

El consumo total de combustibles alcanzó un promedio de 351.000 barriles diarios, con un crecimiento de 0,9 % frente al año anterior.

La gasolina corriente volvió a registrar cifras positivas al aumentar 1,8 %, mientras que la gasolina extra mostró un crecimiento del 36,3 %, favorecida por la reducción en la diferencia de precios frente a la corriente y el aumento del parque automotor equipado con motores de alta compresión y tecnologías híbridas.

El combustible para aviación también presentó un comportamiento favorable. El consumo de jet fuel aumentó 3,4 %, alcanzando 37.000 barriles diarios, impulsado por el crecimiento del transporte aéreo de pasajeros internacionales y del movimiento de carga.

El comportamiento del diésel fue diferente.

Su demanda cayó 1,2 % durante 2025, debido principalmente a la eliminación parcial del subsidio para grandes consumidores, una menor utilización en procesos industriales y una reducción de la generación eléctrica mediante plantas térmicas durante ese periodo.

Uno de los principales llamados de atención del informe se centra en la situación financiera del Fondo de Estabilización de Precios de los Combustibles.

Aunque durante 2025 el costo fiscal disminuyó considerablemente gracias a la estabilidad del precio internacional del petróleo y de la tasa de cambio, el panorama volvió a complicarse durante el primer semestre de 2026.

Según las estimaciones de la ACP, el Estado está subsidiando en promedio alrededor de $1.500 por cada galón de gasolina y cerca de $8.000 por galón de diésel.

De mantenerse esas condiciones, el déficit acumulado del FEPC podría llegar a los $6 billones al finalizar el año.

Frente a esta situación, el gremio cuestiona la efectividad del Decreto 1428 de 2025, mediante el cual el Gobierno decidió eliminar parcialmente el subsidio al diésel para determinados vehículos particulares, oficiales y diplomáticos.

La ACP sostiene que esa medida tendrá un impacto fiscal menor al esperado y que, además, obliga a implementar complejos sistemas tecnológicos de identificación en estaciones de servicio para diferenciar qué vehículos pueden acceder al subsidio y cuáles no.

También podrías leer: Papa baja de precio y alimentos básicos mantienen estabilidad en los mercados

Como alternativa, propone un esquema de ajustes graduales y homogéneos en el precio del diésel, acompañado por reducciones progresivas en la gasolina corriente, con el fin de corregir el déficit del Fondo sin generar distorsiones operativas entre municipios o tipos de usuarios.

El abastecimiento tampoco depende únicamente del mercado.

Durante 2025 la infraestructura petrolera enfrentó múltiples afectaciones derivadas del orden público.

El informe registra más de 580 atentados contra oleoductos, concentrados principalmente en los sistemas Caño Limón-Coveñas y Bicentenario.

A esto se sumaron más de 490 conexiones ilegales en poliductos para el robo de combustibles, además de 837 bloqueos en vías nacionales que ocasionaron pérdidas económicas superiores a los $2,4 billones y afectaron el transporte de millones de galones de combustibles en diferentes regiones del país.

Estas situaciones, advierte la ACP, incrementan la vulnerabilidad del sistema de abastecimiento y dificultan la respuesta frente a posibles emergencias energéticas.

Las proyecciones hacia 2031 muestran otro desafío importante.

Aunque la demanda nacional de combustibles seguirá creciendo a un ritmo promedio del 1,6 % anual, la producción de las refinerías colombianas no será suficiente para atender completamente ese incremento.

Como consecuencia, el país tendrá que importar volúmenes cada vez mayores.

Las estimaciones indican que hacia 2031 cerca del 50 % de la gasolina corriente consumida en Colombia será importada, así como el 20 % del combustible para aviación y alrededor del 3 % del diésel.

Este panorama obligará a ampliar la capacidad de almacenamiento, fortalecer los puertos, mejorar los sistemas de transporte desde la costa Caribe hacia el interior del país y agilizar los procesos regulatorios que permitan responder con mayor rapidez a las necesidades del mercado.

Para enfrentar estos retos, la ACP plantea la creación de un Centro Nacional de Operación que permita monitorear en tiempo real toda la cadena de suministro, fortalecer la protección de la infraestructura estratégica, agilizar los trámites para nuevos operadores, ampliar el almacenamiento estratégico y promover una mayor utilización de biocombustibles y combustibles sostenibles para la aviación.

Para el gremio, las decisiones que se adopten durante los próximos años serán determinantes para evitar que Colombia enfrente dificultades de abastecimiento en medio de una mayor demanda energética. La advertencia es clara: garantizar el suministro de combustibles ya no depende únicamente de producir más, sino de planificar con anticipación la infraestructura, la regulación y las inversiones que permitan responder a un mercado cada vez más exigente y a fenómenos climáticos que podrían poner a prueba la seguridad energética del país.",negativo
2026-08-06,Diario del Huila,Bolsa de Colombia propone reformas para impulsar la inversión.,"Bolsa de Colombia propone reformas para impulsar la inversión.

La Bolsa de Valores de Colombia (bvc) presentó al gobierno del presidente electo Abelardo de la Espriella un paquete de propuestas para fortalecer el mercado de capitales, aumentar la inversión y dinamizar el crecimiento económico. La iniciativa fue expuesta por Andrés Restrepo , gerente general de la entidad, quien aseguró que el país requiere medidas para atraer inversionistas, ampliar la oferta de activos y generar mayor confianza en el sistema financiero. Las recomendaciones incluyen cambios en Ecopetrol , ISA , la tributación y el acceso al mercado bursátil.

Más empresas y mayor liquidez en el mercado

El primer eje de las propuestas busca incrementar el número de empresas y activos disponibles para los inversionistas.

Entre las principales iniciativas se destacan:

Según Andrés Restrepo , aumentar el flotante por encima del 15 % permitiría que Ecopetrol regrese al índice de mercados emergentes de MSCI . Ese cambio facilitaría la llegada de recursos provenientes de fondos internacionales y ETF que replican dicho indicador.

El directivo afirmó que ampliar la circulación de acciones también fortalecería la financiación de proyectos productivos y aumentaría la liquidez del mercado colombiano.

El segundo pilar propone convertir a Colombia en un destino más competitivo para los inversionistas internacionales.

La Bolsa de Valores de Colombia planteó habilitar el acceso remoto para corredoras extranjeras, adoptar estándares internacionales de liquidación y permitir cuentas en dólares para entidades financieras en el Banco de la República .

Además, propuso simplificar los mecanismos de representación para inversionistas extranjeros y desarrollar una regulación que incorpore activos digitales , comenzando por las stablecoins , al considerar que presentan menores riesgos frente a otros criptoactivos.

Como tercer eje, la entidad sugirió crear un vehículo de ahorro de largo plazo con beneficios tributarios para personas naturales.

La propuesta contempla aportes de hasta 3.800 UVT libres de impuestos, siempre que permanezcan invertidos hasta la edad de pensión.

Cambios tributarios para incentivar la inversión

El cuarto grupo de propuestas está enfocado en simplificar el régimen tributario para fortalecer el mercado de capitales.

Entre las medidas planteadas figuran restablecer una tarifa del 0 % para los dividendos, ampliar el tratamiento de ganancias de capital a toda la renta variable y reemplazar la declaración de renta para inversionistas extranjeros por una retención única del 10 % .

También podrías leer: Exportaciones de Colombia crecieron 7%, pero café y flores siguen en caída

Andrés Restrepo sostuvo que la estabilidad normativa resulta determinante para aumentar la inversión y mejorar la competitividad del país.

Las propuestas fueron presentadas oficialmente por la Bolsa de Valores de Colombia como un insumo para la agenda económica del gobierno de Abelardo de la Espriella , con el propósito de fortalecer el crecimiento económico mediante un mercado de capitales más profundo, competitivo y atractivo para inversionistas nacionales e internacionales.",positivo
2026-08-06,Diario del Huila,Corficolombiana prevé caída del sector agropecuario en 2026.,"Corficolombiana prevé caída del sector agropecuario en 2026.

El sector agropecuario colombiano enfrentará un año complejo en 2026 , según el más reciente Informe Trimestral de Dinámica Sectorial de Corficolombiana . La entidad proyectó una contracción de 2,6 % debido al impacto del fenómeno de El Niño , los elevados costos de producción y la caída de los precios internacionales del café. El análisis también advierte un deterioro en el empleo rural y un menor dinamismo de las exportaciones agropecuarias durante el primer semestre del año.

El café explica gran parte del deterioro del sector

Durante el primer trimestre de 2026 , el sector agropecuario registró una contracción de 1,2 % . El resultado obedeció principalmente a una reducción de 28,0 % en la producción de café . Según Corficolombiana , esta actividad restó 1,8 puntos porcentuales al crecimiento sectorial.

La producción cafetera acumuló una caída de 10,3 % durante el primer semestre. Al mismo tiempo, los precios internacionales del grano disminuyeron 23,2 % . Aunque en junio la producción repuntó 43,4 % , el informe concluye que ese crecimiento no compensó las pérdidas acumuladas.

La desaceleración también afectó actividades como cacao y arroz , mientras leguminosas , caña panelera y flores mostraron mejores resultados.

Exportaciones, empleo y costos reflejan un entorno más desafiante

Las exportaciones agropecuarias acumularon una caída de 1,1 % hasta mayo . El descenso estuvo asociado a los menores precios internacionales. Sin embargo, los volúmenes exportados aumentaron 10,9 % durante el mismo periodo.

Las importaciones agropecuarias crecieron 10,0 % , impulsadas por mayores compras de frutas y nueces. En contraste, las importaciones de semillas y frutos oleaginosos disminuyeron 8,4 % . El informe también evidencia un deterioro del mercado laboral. A mayo de 2026 , el empleo del sector agropecuario cayó 3,6 % , regresando a niveles observados en 2022 .

Por otra parte, la inflación de alimentos permaneció elevada. El componente de perecederos pasó de 5,4 % en enero a 14,2 % en junio .

El Niño aumenta los riesgos para el segundo semestre

El estudio señala que el fenómeno de El Niño , iniciado en mayo , podría alcanzar una intensidad alta durante el segundo semestre. Ese escenario reduciría el rendimiento de los cultivos y elevaría las presiones sobre la inflación de alimentos.

Adicionalmente, el conflicto en Medio Oriente impulsó los precios internacionales de fertilizantes como la urea , incrementando los costos de producción.

También puedes leer: Colombia en alerta: ACP advierte riesgo de desabastecimiento de combustibles

No obstante, la entidad considera que los costos siguen creciendo por encima de la inflación.

Según Corficolombiana , la combinación de factores climáticos, menores precios internacionales del café y elevados costos configura un panorama especialmente desafiante para el sector agropecuario durante 2026 . El análisis fue presentado en el Informe Trimestral de Dinámica Sectorial , elaborado por la Dirección de Sectores y Sostenibilidad de Corficolombiana .",negativo
2026-08-06,Diario del Huila,"Precios al productor cayeron 1,42% en julio de 2026.","Precios al productor cayeron 1,42% en julio de 2026.

El Índice de Precios del Productor, IPP, registró una variación de -1,42% en julio de 2026 frente a junio del mismo año, de acuerdo con los resultados publicados por el Departamento Administrativo Nacional de Estadística, DANE.

La medición, correspondiente a julio de 2026 y con carácter provisional, muestra diferencias entre los principales sectores que conforman la producción nacional. Mientras dos actividades presentaron variaciones negativas, la agricultura, ganadería, silvicultura, caza y pesca registró un incremento durante el periodo.

Minería y manufactura presionaron el indicador

La mayor variación negativa se presentó en el sector de explotación de minas y canteras, con -8,76%, resultado que se ubicó por debajo de la media nacional de -1,42%.

Las industrias manufactureras también registraron una reducción en los precios al productor, con una variación de -1,65% durante julio. Este comportamiento estuvo igualmente por debajo del resultado general de la producción nacional.

Actividades agropecuarias cerraron con aumento

En contraste con los demás sectores, agricultura, ganadería, silvicultura, caza y pesca presentó una variación positiva de 3,89% en julio de 2026.

Con este resultado, el sector agropecuario fue el único de los tres grandes grupos de actividad económica incluidos en la medición que registró un aumento frente al mes anterior.

El IPP permite seguir el comportamiento de los precios de los bienes producidos en el país y constituye uno de los indicadores utilizados para analizar la evolución de los precios en las distintas etapas de la actividad económica.

El DANE publicó junto con los resultados de julio el boletín técnico y los anexos estadísticos con el detalle de la información correspondiente al indicador.",negativo
2026-08-07,Diario del Huila,Retos energéticos del nuevo Gobierno de Colombia.,"Retos energéticos del nuevo Gobierno de Colombia.

El nuevo Gobierno recibe un sector eléctrico bajo presión por el riesgo de suministro y la volatilidad tarifaria. La Asociación Colombiana de Generadores de Energía Eléctrica (Acolgen) advierte que Colombia necesita energía firme, reglas claras y estabilidad financiera. El balance actual combina embalses superiores al 80% con alertas climáticas y retrasos en nuevos proyectos.

Acolgen identifica varios desafíos para garantizar el abastecimiento energético durante los próximos años. El gremio señala una reducción del margen entre oferta y demanda, especialmente preocupante durante periodos secos.

Los retrasos en centrales de generación y obras de transmisión también aumentan la presión sobre el sistema. La entrada tardía de nuevos proyectos limita la capacidad disponible frente al crecimiento de la demanda.

La situación financiera representa otro desafío para las empresas generadoras. Acolgen advierte sobre carteras vencidas y deudas acumuladas de algunos comercializadores.

El gremio también reclama confianza regulatoria e independencia técnica para entidades como la CREG . Según Acolgen , reglas estables resultan necesarias para mantener la inversión privada.

Embalses mantienen reservas, pero persisten las alertas

El nivel agregado de los embalses superó recientemente el 80% de su capacidad útil. Este indicador ofrece un margen favorable, aunque no elimina los riesgos identificados para los próximos meses.

El operador del mercado eléctrico XM mantiene seguimiento sobre el comportamiento hidrológico y las proyecciones climáticas. Las condiciones regionales muestran diferencias importantes en las reservas disponibles.

XM también advierte sobre posibles escenarios de sequía asociados con un eventual Fenómeno de El Niño prolongado. Bajo condiciones adversas, los embalses podrían descender hasta niveles cercanos al 13% o 20% .

Ante menores aportes hídricos, las centrales térmicas tendrían que operar con mayor intensidad. Estas plantas utilizan gas, carbón y combustibles líquidos, cuyos costos pueden elevar la presión sobre el mercado.

El mercado mayorista también refleja las tensiones del sistema eléctrico colombiano. El precio promedio ponderado de la energía en bolsa llegó a $562,1 por kilovatio hora en junio de 2026 .

Ese valor representó un incremento cercano al 400% frente a los $113,4 registrados durante junio del año anterior. XM atribuye parte de esta dinámica a las condiciones del mercado y la generación requerida.

Las comercializadoras con mayor exposición a compras en bolsa enfrentan directamente estos mayores costos. El efecto puede trasladarse al usuario mediante el componente de compras de energía del costo unitario.

La situación tarifaria también está relacionada con los saldos pendientes de la opción tarifaria . Las empresas distribuidoras han advertido sobre las obligaciones acumuladas y la importancia de los subsidios estatales.

También podrías leer: Bolsa de Colombia propone reformas para impulsar la inversión

Un retraso en esos recursos podría aumentar las presiones sobre comercializadoras y usuarios de regiones vulnerables.

La presión sobre las tarifas no afecta de manera uniforme a todo el país. La Costa Caribe y algunas zonas del Pacífico enfrentan mayores costos por factores estructurales, consumo y pérdidas en sus redes.

Para el nuevo Gobierno, el reto consiste en atender simultáneamente la seguridad energética y la sostenibilidad financiera. También deberá facilitar la ejecución de proyectos y preservar condiciones regulatorias que estimulen nuevas inversiones.

Acolgen plantea que la respuesta requiere garantizar energía firme y fortalecer la estabilidad del sistema. XM , por su parte, mantiene el monitoreo sobre embalses, clima y comportamiento del mercado.

El panorama muestra que un nivel favorable de reservas no elimina los riesgos de mediano plazo. Colombia necesita ampliar su capacidad de generación y transmisión mientras enfrenta posibles escenarios climáticos adversos.

El comportamiento de las tarifas añade una presión adicional para hogares y empresas. Por eso, las decisiones del nuevo Gobierno tendrán que equilibrar abastecimiento, costos, inversión y sostenibilidad financiera.

La información de Acolgen y XM permite establecer un balance con dos señales simultáneas. Colombia conserva reservas hídricas relevantes, pero enfrenta riesgos que exigen preparación y decisiones oportunas.

El desafío será convertir las alertas actuales en decisiones concretas antes de que aumente la presión sobre el suministro. Será necesario acelerar proyectos, ordenar obligaciones financieras y mantener reglas previsibles. Así, el sistema podrá responder mejor ante sequías, variaciones de demanda y episodios de volatilidad.",negativo
2026-08-07,Diario del Huila,Petro deja a De la Espriella una economía con desafíos.,"Petro deja a De la Espriella una economía con desafíos.

El gobierno de Gustavo Petro entrega a Abelardo de la Espriella una economía con menor desempleo e inflación. También deja menor crecimiento, más deuda y dificultades en sectores estratégicos. El balance corresponde al cierre del cuatrienio y plantea retos fiscales, productivos y energéticos para la nueva administración.

Un crecimiento económico con menor ritmo

Durante el periodo de Gustavo Petro , el crecimiento del Producto Interno Bruto pasó de 7,4% a 2,2% . Esto representa una reducción de 5,2 puntos porcentuales . El diagnóstico combina avances sociales con una actividad productiva debilitada y menores niveles de inversión.

Según los datos citados del DANE y el Banco de la República , la inflación bajó de 10,2% a 6,1% . El desempleo también descendió de 11% a 8% . La informalidad laboral pasó de cerca de 58% en 2022 a 54,7% entre marzo y mayo de 2026 . El peso colombiano también registró una valorización frente al dólar, según el balance suministrado.

Los avances sociales conviven con una menor dinámica de inversión y comercio exterior. El informe de Sectorial señala que las exportaciones pasaron de USD 57.000 millones a USD 50.000 millones . La Inversión Extranjera Directa también disminuyó, desde USD 17.000 millones en 2022 hasta USD 11.000 millones .

El sector construcción perdió participación dentro del PIB , al pasar del 7% a menos del 5% . El panorama fiscal representa otro desafío para el gobierno entrante. El hueco fiscal asciende a $120 billones , equivalente a cerca del 8% del PIB .

El pasivo total de la Nación superó los $1.200 billones , según las cifras entregadas en el balance. Camilo Pérez , director de investigaciones económicas del Banco de Bogotá , afirmó que la tasa de interés del endeudamiento gubernamental es la más alta desde 2009 .

El costo financiero y los sectores estratégicos

La tasa de intervención pasó de 7,5% a 12% , mientras el costo real del financiamiento supera el 18% anual . Para Camilo Pérez , una de las razones está en una mayor colocación de deuda local frente al endeudamiento internacional.

El balance también señala dificultades en el sector minero energético. Durante el gobierno saliente no se firmaron nuevos contratos de exploración y explotación. Colombia pasó de importar el 3% del gas consumido a importar el 28% . Las reservas de gas disminuyeron de 7,2 años a 5,9 años .

La producción petrolera también cayó. Pasó de 754.199 barriles diarios en 2022 a 712.799 barriles diarios . Ecopetrol registró otro descenso señalado en el informe. Sus ganancias pasaron de $33,4 billones en 2022 a $10,5 billones en 2025 .

También podrías leer: Corficolombiana prevé caída del sector agropecuario en 2026

El nuevo gobierno recibirá una economía con indicadores favorables y problemas estructurales pendientes.

Entre los principales desafíos aparecen:

El balance de Sectorial también advierte sobre una confianza empresarial de 42 puntos sobre 100 . El sector salud enfrenta además una situación financiera compleja. La deuda acumulada ronda los $29 billones y las quejas mensuales pasaron de 80.000 a 161.000 .

Así, la nueva administración recibirá menores niveles de desempleo e inflación, pero deberá enfrentar menor crecimiento, mayor endeudamiento y menor inversión. El desafío será convertir los avances sociales en crecimiento sostenible, recuperar la inversión y fortalecer las finanzas públicas durante los próximos años.",negativo
2026-08-09,Diario del Huila,"Inflación de julio: expertos prevén que llegue al 6,30 %.","Inflación de julio: expertos prevén que llegue al 6,30 %.

El Dane revelará este lunes el dato de inflación correspondiente a julio de 2026. La entidad dará a conocer la cifra hacia las 6:00 de la tarde , en medio de las expectativas de analistas sobre el comportamiento del costo de vida en Colombia.

La inflación anual cerró junio en 6,14 % , después de varios meses de incrementos durante 2026. Ahora, las proyecciones apuntan a dos posibles escenarios: una nueva subida o una estabilidad frente al resultado del mes anterior.

Uno de los pronósticos más altos corresponde al equipo de Investigaciones Económicas del Grupo Cibest (Bancolombia) , que calcula una inflación anual de 6,30 % para julio.

También puede interesarte: Salario mínimo de 2027: así comienza la discusión en Colombia

Según el análisis de Bancolombia, la inflación aumentaría 16 puntos básicos frente al dato de junio. De cumplirse esta proyección, el indicador completaría cinco meses consecutivos de aumento y alcanzaría su nivel más alto desde agosto de 2024.

El grupo también calcula una inflación básica, sin alimentos, de 0,30 % mensual , con una variación anual de 6,16 % .

Además, los analistas esperan que la inflación cierre 2026 en un promedio de 6,52 % .

Corficolombiana maneja una proyección diferente. Su equipo económico estima una variación mensual del IPC de 0,27 % en julio , resultado que mantendría la inflación anual en 6,14 % .

Según este análisis, los precios regulados aportarían el mayor incremento, seguidos por los servicios y los bienes. Al mismo tiempo, una moderación en los alimentos perecederos ayudaría a contener una nueva subida.

Por su parte, DAVIbank señaló que las presiones sobre los precios continúan y anticipó nuevos aumentos durante los próximos meses, especialmente por el comportamiento de los servicios y algunos bienes regulados, como la electricidad y el gas.

El dato definirá el escenario de los próximos meses

Las cifras que publique el Dane permitirán establecer si la inflación mantiene la tendencia ascendente que registra durante 2026 o si permanece en el nivel de junio.

Para leer: Petro deja a De la Espriella una economía con desafíos

El comportamiento del indicador también será relevante para las decisiones del Banco de la República . Bancolombia prevé que la Junta Directiva mantenga una política monetaria restrictiva y contempla posibles aumentos de la tasa de interés hasta 12,75 % antes de terminar el año.

El dato oficial permitirá comparar estas proyecciones con el resultado real de julio y establecer el rumbo de la inflación durante el segundo semestre.",negativo
2026-08-09,Diario del Huila,Salario mínimo de 2027: así comienza la discusión en Colombia.,"Salario mínimo de 2027: así comienza la discusión en Colombia.

La discusión sobre el salario mínimo de Colombia para 2027 apenas comienza y estará marcada por el comportamiento de la inflación, la productividad laboral y el impacto que pueda tener el aumento sobre los costos de las empresas.

El nuevo Gobierno deberá participar en la definición del incremento junto con trabajadores y empleadores, como ocurre cada año en la negociación del salario mínimo.

Banco de la República advierte sobre un posible aumento elevado

El más reciente Informe de Política Monetaria del Banco de la República plantea algunos de los factores que deberán tenerse en cuenta durante la discusión.

El documento advierte que un incremento del salario mínimo por encima de la inflación y la productividad podría fortalecer mecanismos de indexación y transmisión de costos , con posibles efectos sobre el comportamiento de los precios.

Esto no significa que ya exista un porcentaje definido para 2027. La cifra dependerá de las condiciones económicas que presente el país y de la negociación correspondiente.

Reforma tributaria del nuevo Gobierno genera atención entre las empresas

El Gobierno habla de una decisión con criterios técnicos

Miguel Gómez Martínez, designado como ministro de Hacienda, ha señalado que la definición del salario mínimo deberá apoyarse en información técnica.

La discusión también deberá considerar la capacidad adquisitiva de los hogares y el efecto que tenga el incremento sobre las empresas y el empleo.

Por ahora, algunos análisis ubican la conversación inicial alrededor de la inflación esperada para 2026. Sin embargo, ese dato no constituye todavía el porcentaje de aumento que tendrá el salario mínimo el próximo año.

La inflación tendrá un papel central en la negociación, pero no será el único elemento. La productividad laboral también forma parte de los criterios que tradicionalmente se consideran para establecer el incremento.

El Banco de la República ha advertido que una diferencia amplia entre el aumento salarial y estos indicadores puede generar presiones adicionales sobre los costos de producción.

A esto se suman otros factores que podrían influir en la inflación durante los próximos meses, como los precios de combustibles, fertilizantes y gas.

Desde agosto se podrá cotizar por horas en Colombia: así funcionará el cambio

La cifra de 2027 todavía no está definida

Aunque ya comenzó el debate público, Colombia todavía no tiene definido el salario mínimo que regirá en 2027 .

Para leer: Retos energéticos del nuevo Gobierno de Colombia

La negociación deberá avanzar con información sobre inflación, productividad, crecimiento económico y condiciones del mercado laboral. A partir de esos datos, trabajadores, empresarios y Gobierno discutirán el porcentaje de incremento.

Por ahora, el principal llamado del Banco de la República apunta a evitar que un aumento salarial desconectado de la inflación y la productividad genere nuevas presiones sobre los precios.",neutral
2026-08-10,Diario del Huila,Impuesto al patrimonio: ¿qué cambiará con De la Espriella?,"Impuesto al patrimonio: ¿qué cambiará con De la Espriella?

El presidente Abelardo de la Espriella anunció que eliminará el impuesto al patrimonio como parte de una reforma estructural al sistema tributario. La medida busca, según el Gobierno, dejar de castigar la inversión y estimular la generación de riqueza y empleo, pero también abre un debate sobre los ingresos que dejaría de recibir el Estado y sobre quiénes son realmente los contribuyentes afectados por este gravamen.

Una de las primeras grandes apuestas económicas anunciadas por el presidente Abelardo de la Espriella tiene nombre propio: eliminar el impuesto al patrimonio .

La decisión fue confirmada por el mandatario durante su discurso de posesión, el pasado 7 de agosto, cuando anunció una reforma estructural al sistema tributario colombiano. Su argumento es que el país necesita simplificar la estructura fiscal, combatir la evasión y, al mismo tiempo, construir condiciones más favorables para la inversión, la producción y la generación de empleo.

“Mi gobierno presentará una reforma estructural del sistema tributario para simplificarlo”, afirmó De la Espriella.

En la misma intervención defendió la necesidad de modificar la manera en que Colombia grava la riqueza y aseguró que el país debe dejar de castigar a quienes invierten y generan riqueza.

La propuesta representa un cambio importante en la política tributaria y pone sobre la mesa una discusión que ha acompañado al país durante años: ¿es conveniente gravar directamente los grandes patrimonios o resulta más efectivo incentivar la inversión y cobrar impuestos sobre las actividades que generan ingresos y empleo?

Eliminar el impuesto no significa que desaparezcan los demás tributos que pagan las personas o las empresas con grandes activos. Tampoco implica que una persona deje de pagar impuestos por tener propiedades, acciones, dinero o vehículos.

Lo que cambiaría es la existencia de un gravamen específico calculado sobre el patrimonio líquido de determinados contribuyentes que cumplen los requisitos establecidos por la ley.

Y precisamente ahí está una de las claves para entender el anuncio presidencial.

El impuesto al patrimonio es un tributo directo que grava el patrimonio líquido de determinados contribuyentes.

En términos sencillos, no se trata de sumar todo lo que una persona posee y cobrarle un porcentaje sobre ese valor.

El cálculo parte de los bienes y derechos que conforman su patrimonio y posteriormente descuenta las obligaciones o deudas que correspondan de acuerdo con las reglas tributarias.

Una persona puede tener una vivienda, vehículos, inversiones, dinero, acciones u otros activos, pero si también tiene obligaciones financieras, estas pueden incidir en la determinación de la base gravable, de acuerdo con las condiciones previstas por la legislación.

Entre los bienes que pueden entrar en la valoración están las propiedades, acciones, dinero y vehículos, entre otros activos.

Sin embargo, no toda persona que tenga bienes en Colombia está obligada a pagar este impuesto .

El gravamen está dirigido a contribuyentes que superan determinados umbrales de patrimonio líquido establecidos por la ley.

Estos límites se expresan en UVT, la Unidad de Valor Tributario utilizada por la legislación colombiana para actualizar diferentes obligaciones y referencias fiscales.

La eliminación del impuesto al patrimonio no significa que los grandes patrimonios dejen de pagar impuestos. La medida busca eliminar un gravamen específico calculado sobre el patrimonio líquido de determinados contribuyentes.

La eliminación del impuesto al patrimonio no significa que los grandes patrimonios dejen de pagar impuestos. La medida busca eliminar un gravamen específico calculado sobre el patrimonio líquido de determinados contribuyentes.

Por esa razón, no basta con tener una casa, un automóvil o algunos ahorros para convertirse automáticamente en contribuyente del impuesto al patrimonio.

La obligación depende del nivel de patrimonio y de las condiciones establecidas por las normas tributarias vigentes.

¿Quiénes pueden estar sujetos al impuesto?

Entre los contribuyentes que pueden estar sometidos al gravamen se encuentran personas naturales, sucesiones ilíquidas y determinadas entidades nacionales o extranjeras , siempre que cumplan los requisitos previstos en la legislación.

Esto significa que el impuesto no se limita exclusivamente a empresarios.

Una persona natural con un patrimonio suficientemente elevado también puede quedar sometida al tributo.

La diferencia está en que la obligación se determina a partir del patrimonio líquido y de los umbrales establecidos por la ley.

Por ello, la discusión pública sobre el impuesto suele concentrarse en los contribuyentes con patrimonios altos.

Para la administración de De la Espriella, precisamente allí está el problema: gravar directamente el patrimonio puede desincentivar la inversión y hacer menos atractivo mantener capitales productivos en Colombia.

El Gobierno pretende cambiar esa lógica.

¿Por qué De la Espriella quiere eliminarlo?

La explicación del nuevo presidente está relacionada directamente con su modelo económico.

Durante su posesión, De la Espriella afirmó que Colombia necesita una reforma tributaria estructural que simplifique el sistema y reduzca los espacios para la evasión.

Pero también planteó una transformación en la relación entre impuestos, inversión y generación de riqueza.

Su argumento es que el Estado no debería castigar a quienes tienen capital, invierten y crean empresas, sino establecer condiciones que hagan atractivo poner esos recursos a producir.

“Debemos dejar de castigar a quienes invierten y generan riqueza en nuestra patria”, sostuvo.

La tesis parte de una premisa económica: si una persona o empresa considera que mantener o invertir capital en Colombia resulta demasiado costoso, puede reducir sus inversiones, trasladarlas a otros mercados o buscar mecanismos para proteger su patrimonio.

Desde esta perspectiva, eliminar el impuesto podría convertirse en un incentivo para que esos recursos permanezcan en el país y se destinen a actividades productivas.

La apuesta presidencial va incluso más allá.

De la Espriella ha vinculado la eliminación del impuesto con su objetivo de aumentar la confianza inversionista, generar empleo formal y estimular el crecimiento económico.

La fórmula que plantea su Gobierno es relativamente sencilla: más confianza, más inversión; más inversión, más producción; y más producción, más empleo .

El desafío será demostrar que esa cadena efectivamente funciona en la economía colombiana.

La UVT y el umbral: la clave para saber quién paga

Uno de los conceptos que más confusión genera alrededor del impuesto al patrimonio es el de la UVT.

La Unidad de Valor Tributario es una medida utilizada por el Estado para expresar diferentes valores establecidos en las normas fiscales.

La discusión no será únicamente cuánto dejará de recaudar el Estado. El Gobierno tendrá que demostrar que el capital que se libere se convierte en inversión, producción y empleo formal.

La discusión no será únicamente cuánto dejará de recaudar el Estado. El Gobierno tendrá que demostrar que el capital que se libere se convierte en inversión, producción y empleo formal.

En lugar de fijar determinados límites exclusivamente en pesos y tener que modificarlos constantemente, la legislación puede establecerlos en UVT.

Así, el valor en pesos cambia con la actualización anual de la unidad.

Por eso, cuando se habla de que el impuesto al patrimonio aplica únicamente a quienes superan determinado número de UVT, significa que existe un umbral patrimonial.

Quienes se encuentran por debajo de ese límite no quedan automáticamente sometidos al impuesto simplemente por tener bienes.

Esta característica permite entender por qué el anuncio presidencial afecta principalmente a contribuyentes con patrimonios elevados y no a la mayoría de los colombianos.

Una familia que posee una vivienda y un vehículo, por ejemplo, no debe interpretar el anuncio como la eliminación de un impuesto que actualmente paga por esos bienes.

El impuesto al patrimonio no funciona de esa manera.

Para entender el gravamen hay que distinguir entre patrimonio bruto y patrimonio líquido .

El patrimonio bruto corresponde, de manera general, al conjunto de bienes y derechos que posee el contribuyente.

Allí pueden aparecer inmuebles, vehículos, inversiones, acciones, dinero y otros activos.

Pero el cálculo del patrimonio líquido contempla también las obligaciones que pueden ser descontadas de acuerdo con la normativa.

Patrimonio bruto – deudas u obligaciones procedentes = patrimonio líquido.

Sobre esa base se determina si el contribuyente supera el umbral establecido para estar sujeto al impuesto y cuál sería la obligación correspondiente, según las reglas vigentes.

Dos personas pueden tener bienes por un valor similar, pero presentar patrimonios líquidos diferentes debido a sus niveles de endeudamiento.

Por eso, el impuesto no puede entenderse simplemente como un cobro sobre “todo lo que alguien tiene”.

Esta será probablemente una de las preguntas centrales durante el trámite de la reforma.

El Gobierno sostiene que eliminar el impuesto puede mejorar las condiciones para la inversión.

Para leer: Salud, educación y empleo: los retos de De la Espriella

La lógica es que un empresario que acumula capital para expandir una compañía podría encontrar mayores incentivos para mantener esos recursos en Colombia.

También podría favorecer decisiones relacionadas con nuevas empresas, ampliaciones de plantas, compra de maquinaria o proyectos productivos.

Sin embargo, la eliminación del impuesto por sí sola no garantiza que la inversión aumente.

Aunque el impuesto al patrimonio es una decisión de carácter nacional, sus efectos pueden llegar a las regiones.

El Huila cuenta con sectores que requieren inversión para crecer: agricultura, café, piscicultura, agroindustria, turismo, comercio y servicios, entre otros.

La apuesta del Gobierno por estimular el capital privado podría abrir oportunidades para nuevos proyectos.

Pero nuevamente aparece una condición: que la inversión llegue efectivamente a los territorios.

La eliminación del impuesto beneficiará directamente a quienes están sometidos al gravamen. El reto para el Huila será que el eventual aumento de la inversión termine generando actividad económica más allá de los grandes centros empresariales.",positivo
2026-08-10,Diario La Nación,Críticas y aplausos a propuesta del ‘Tigre’ sobre eliminar impuesto a los ricos.,"Críticas y aplausos a propuesta del ‘Tigre’ sobre eliminar impuesto a los ricos.

Diversos sectores analizan lo positivo y lo negativo de la propuesta de eliminar el impuesto al patrimonio, el cual cobija a contribuyentes con patrimonio líquido por más de $3.770 millones. L a medida debe tramitarse a través de una reforma tributaria en el Congreso.

“El impuesto al patrimonio será eliminado. Debemos dejar de castigar a quienes invierten y generan riqueza en nuestra patria”. Ese fue uno de los primeros anuncios que hizo el presidente Abelardo De La Espriella durante el discurso de posesión y, aunque algunos sectores comulguen con el Jefe de Estado, en que “la prosperidad no nace de gravar el éxito, sino de crear condiciones para que millones de colombianos puedan emprender, trabajar y progresar”, otros también lanzan advertencias.

Este impuesto no le pega a todos los colombianos, solamente los ricos están cobijados con el gravamen.

De acuerdo con la Dian, los contribuyentes sujetos al Impuesto al Patrimonio, de conformidad con lo dispuesto en el artículo 292-3 del Estatuto Tributario, son personas naturales o sucesiones ilíquidas con un patrimonio líquido -patrimonio bruto menos las deudas a cargo-, igual o superior a 72.000 UVT, es decir, más de $3.770 millones (a precios del 2026).

El vocero de los empresarios industriales, Bruce Mac Master aplaudió el anuncio del presidente De La Espriella.

Para el dirigente gremial, “el impuesto al patrimonio ha significado un golpe grande contra la inversión en Colombia. Hemos tenido una cantidad de capitales colombianos que no han vuelto a invertir y casos de personas y entidades que cambiaron sus domicilios tributarios”, dijo ante medios nacionales el presidente de la Asociación Nacional de Industriales —Andi.

Luis Fernando Mejía, economista y CEO Lumen Economic Intelligence explicó que el impuesto al patrimonio “aplica a las personas naturales con un patrimonio líquido superior a 72.000 UVT, aproximadamente $3.800 millones”. Y aunque “luce progresivo, tiene dos problemas de fondo: en ausencia de un mecanismo global de tributación, incentiva el traslado de los grandes patrimonios a otras jurisdicciones; y es altamente distorsionante, porque grava el capital con independencia de su rentabilidad: una tarifa de 1,5% sobre un activo que rinde 3% real equivale a una tasa efectiva del 50% sobre rentas que ya fueron gravadas al generarse”.

Según el economista, Colombia es “una excepción dentro de una tendencia internacional que ha llevado a abandonar este tipo de impuestos por sus bajos niveles de recaudo y sus efectos sobre el ahorro, la inversión y la movilidad de los capitales”.

Detalló que en Colombia, mediante esta carga tributaria, se recaudó $1 billón durante el año 2024, equivalente a “cerca del 0,6% de los ingresos administrados por la Dian. Al mismo tiempo, se ha registrado una caída del 24% en el número de declarantes y del 36% en el valor patrimonial reportado entre las personas con patrimonios superiores a $12.000 millones. Pero lo más preocupante es que quienes trasladaron su patrimonio y permanecen menos de 183 días al año en el país no solo dejaron de tributar por su patrimonio: ahora tampoco pagan impuesto de renta”. Por esas razones, para el economista “la eliminación del impuesto al patrimonio es una medida necesaria”.

En su argumento, el presidente De La Espriella también destacó que su “gobierno presentará una reforma estructural del sistema tributario para simplificarlo”.

La Cámara de Comercio Colombo Americana -AmCham Colombia celebró en general las propuestas en materia económica, pero no se ha referido concretamente a la eliminación de este impuesto, aunque comulga con la idea de simplificar el sistema tributario.

AmCham valora los lineamientos para “ordenar las finanzas públicas, eliminar el despilfarro, simplificar el sistema tributario, ampliar el acceso al crédito y promover la formalización. El propósito de trabajar de la mano con el sector privado y hacer de Colombia un destino seguro y rentable para la inversión abre oportunidades para recuperar el crecimiento, generar empleo y mejorar el bienestar”.

El exministro de Minas y Energía de Gustavo Petro, Edwin Palma, destacó que el impuesto al patrimonio “se paga por la riqueza acumulada, solo el 0,1% de los colombianos paga este impuesto, es decir quienes tienen con qué. Eliminarlo solo indica una cosa: menos impuestos para los ricos y más impuestos para los pobres, en eso consiste el “milagro””.

La representante del Pacto Histórico, Ana Erazo rechazó que quienes votaron por De La Espriella creyeran ser “los primeros beneficiados por las decisiones económicas de este tigrillo de Temu, sepan que no van ni de quintos en la fila. Los primeros serán, como siempre, los más ricos de Colombia”.

Aseveró que “mientras a millones de trabajadores les hablan de austeridad, esfuerzo y sacrificios, a quienes acumulan los grandes patrimonios del país les anuncian alivios tributarios.

Abelardo llegó a gobernar para los de arriba y a pagar los favores y compromisos con los que llegó al poder”.

En esa misma línea, para el senador del Pacto Histórico, Alex Flórez Hernández, el principal objetivo de la reforma tributaria “será quitarles el impuesto al patrimonio a los megarricos de Colombia. Menos impuestos para los que más tienen significa que el esfuerzo fiscal tendrá que salir de otra parte. Ya sabemos quiénes terminan pagando siempre: la clase media y los trabajadores”.

La propuesta no está en firme. El proyecto de reforma tributaria del gobierno del ‘Tigre’ deberá debatirse en el Congreso de la República y lograr las mayorías para ser aprobado. Luego se convertiría en ley.",neutral
2026-08-11,Diario del Huila,"Sacrificio de ganado vacuno cayó 0,3% durante el segundo trimestre de 2026.","Sacrificio de ganado vacuno cayó 0,3% durante el segundo trimestre de 2026.

El sacrificio de ganado vacuno en Colombia registró una leve disminución durante el segundo trimestre de 2026 frente al mismo periodo del año anterior, de acuerdo con los resultados de la Encuesta de Sacrificio de Ganado, ESAG, publicados por el Departamento Administrativo Nacional de Estadística, DANE.

Entre abril y junio de 2026 fueron sacrificadas 824.425 cabezas de ganado vacuno, una cifra que representa una reducción de 2.666 cabezas frente al segundo trimestre de 2025. En términos porcentuales, la variación fue de -0,3%.

Los resultados muestran comportamientos diferentes según el tipo de animal sacrificado. Mientras el sacrificio de hembras aumentó, el número de machos y terneros presentó reducciones durante el periodo analizado.

Hembras aumentaron su participación en el trimestre

El sacrificio de hembras registró un crecimiento de 7,0% durante el segundo trimestre de 2026 en comparación con el mismo periodo de 2025. Este comportamiento contrastó con las disminuciones observadas en las demás categorías reportadas por la encuesta.

En el caso de los machos, el sacrificio presentó una reducción de 5,0%. Por su parte, el sacrificio de terneros disminuyó 15,0% frente al segundo trimestre del año anterior.

La evolución de estas categorías hace parte de los indicadores que recoge la ESAG para medir el comportamiento del sacrificio de ganado en el país y observar los cambios registrados en la actividad durante los diferentes periodos del año.

Menos ganado destinado a mercados externos

El sacrificio de ganado destinado a la exportación también presentó una disminución durante el segundo trimestre de 2026. Según el DANE, la variación fue de -8,6% frente al mismo trimestre de 2025.

La cantidad pasó de un equivalente de 29.726 cabezas sacrificadas con destino a la exportación entre abril y junio de 2025 a 27.175 cabezas durante el mismo periodo de 2026. La diferencia corresponde a 2.551 cabezas menos destinadas a este mercado.

Este resultado se suma al comportamiento general registrado por el sacrificio de ganado vacuno en el trimestre, aunque la reducción total fue menor debido a la dinámica de las diferentes categorías de animales incluidas en la medición.

Los datos de la Encuesta de Sacrificio de Ganado permiten hacer seguimiento a la actividad de sacrificio de las principales especies pecuarias y establecer comparaciones con periodos anteriores.

Para el segundo trimestre de 2026, el comportamiento del ganado vacuno estuvo determinado por una reducción de 0,3% en el total de cabezas sacrificadas, acompañada por un aumento de 7,0% en el sacrificio de hembras y disminuciones de 5,0% en machos y 15,0% en terneros.

En cuanto al ganado destinado a la exportación, la reducción de 8,6% llevó el volumen equivalente de cabezas sacrificadas de 29.726 en el segundo trimestre de 2025 a 27.175 en el mismo periodo de 2026.

El DANE publicó el boletín técnico y los anexos de la ESAG con la información correspondiente al segundo trimestre de 2026 y el detalle de los resultados de la medición.",negativo
2026-08-11,Diario del Huila,Salario mínimo 2027: así podría subir en Colombia.,"Salario mínimo 2027: así podría subir en Colombia.

La discusión por el salario mínimo de 2027 ya comenzó a tomar forma, aunque todavía no existe una cifra oficial. El Gobierno de Abelardo de la Espriella ha planteado que el aumento debe proteger el poder adquisitivo sin afectar a las empresas ni al empleo formal. Mientras tanto, el Banco de la República advierte sobre los riesgos de un incremento que supere ampliamente la inflación y la productividad. Con escenarios de 5 %, 6 % y hasta 7 %, estas serían las cuentas.

La discusión sobre el salario mínimo de 2027 en Colombia apenas comienza, pero ya tiene sobre la mesa las primeras cifras que podrían marcar la negociación entre trabajadores, empresarios y Gobierno.

Todavía no existe un porcentaje oficial. Tampoco está definido cuánto recibirán los trabajadores que devengan el salario mínimo a partir de enero del próximo año. Sin embargo, las señales entregadas por el Gobierno de Abelardo de la Espriella y las advertencias del Banco de la República permiten anticipar que la negociación estará marcada por tres variables: inflación, productividad laboral y empleo formal .

El punto de partida será el salario vigente de $1.750.905 , establecido para 2026. A este valor se suma un auxilio de transporte de $249.095 para quienes tienen derecho a recibirlo, de manera que el ingreso llega actualmente a $2 millones .

El aumento que se defina para 2027 tendrá que partir de esa base.

Entre los escenarios que empiezan a aparecer están incrementos del 5 % y 6 % , mientras que un posible 7 % también ha sido mencionado en algunos análisis, aunque sin que exista respaldo oficial para considerarlo como una propuesta concreta.

La diferencia frente a 2026 es significativa. El año pasado el salario mínimo aumentó 23,7 % , después de que Gobierno, empresarios y trabajadores no lograran llegar a un acuerdo en la mesa de concertación.

Te pued einteresar: Impuesto al patrimonio: ¿qué cambiará con De la Espriella?

Ahora, el nuevo Gobierno tendrá que decidir si opta por una fórmula mucho más cercana a la inflación y la productividad.

El Banco de la República pone límites al debate

Uno de los principales referentes técnicos para la discusión será el Banco de la República .

En su Informe de Política Monetaria de agosto de 2026, la entidad advirtió sobre los efectos que puede generar un incremento del salario mínimo que supere ampliamente la inflación y la productividad.

El banco central señaló que un aumento por encima de esas variables podría fortalecer los mecanismos de indexación y la transmisión de mayores costos hacia los precios.

La advertencia es relevante porque un incremento salarial elevado puede tener dos efectos simultáneos.

Por un lado, mejora el ingreso nominal de los trabajadores y puede aumentar su capacidad de compra. Pero, por otro, eleva los costos laborales de las empresas. Si parte de esos costos termina trasladándose a los precios de bienes y servicios, el beneficio inicial para los trabajadores puede reducirse por efecto de una inflación más alta.

El Banco de la República también identificó otras presiones que podrían afectar el comportamiento de los precios durante los próximos meses, entre ellas el aumento del costo del gas por un mayor componente importado y las presiones sobre fertilizantes y combustibles derivadas de las tensiones geopolíticas.

Todo esto convierte el dato de inflación de cierre de 2026 en una de las variables más importantes para la negociación.

En junio, la inflación anual se ubicó en 6,164 % .

De la Espriella no quiere alejarse de la inflación

El presidente Abelardo de la Espriella ya ha entregado algunas señales sobre la política salarial que pretende aplicar su Gobierno.

Su posición parte de que el salario mínimo debe mantener el poder adquisitivo de los trabajadores, pero también considera necesario evaluar el impacto que un incremento elevado puede generar sobre las empresas privadas y el empleo formal.

No existe, por ahora, una propuesta oficial con un porcentaje determinado.

Sin embargo, la orientación planteada por el mandatario apunta a un aumento que no se aleje demasiado de la inflación y que tenga en cuenta las condiciones económicas del país.

El planteamiento abre una discusión que tradicionalmente genera posiciones encontradas.

Los trabajadores buscan que el salario aumente por encima del costo de vida para mejorar sus condiciones reales. Los empresarios piden que el incremento tenga relación con la capacidad productiva de las compañías. Y el Gobierno debe encontrar un punto de equilibrio que permita mejorar el ingreso sin generar efectos negativos sobre los precios o el empleo.

El ministro de Hacienda, Miguel Gómez Martínez , también ha defendido una definición sustentada en información técnica.

El funcionario ha señalado que Colombia necesita una política salarial que proteja el poder adquisitivo de los hogares de menores ingresos, pero sin establecer aumentos que multipliquen varias veces la inflación.

La advertencia está relacionada especialmente con el empleo formal.

El costo para las empresas también entra en la cuenta

El salario mínimo no representa únicamente el dinero que recibe directamente un trabajador.

Sobre esa remuneración se calculan diferentes obligaciones y costos asociados a la contratación formal. Por esa razón, cuando aumenta el salario básico, también puede aumentar el costo total que debe asumir una empresa por cada trabajador.

Este es uno de los principales argumentos que utilizan los sectores empresariales para pedir incrementos moderados.

Un aumento muy elevado puede dificultar la contratación, especialmente en empresas pequeñas o en actividades donde los márgenes de operación son reducidos.

También puede incentivar la informalidad si contratar legalmente resulta demasiado costoso.

Ese es uno de los riesgos que el Gobierno de De la Espriella busca evitar.

El vicepresidente José Manuel Restrepo ha insistido en que el aumento de 2027 deberá proteger el poder adquisitivo de los hogares y cubrir sus necesidades básicas, pero sin golpear la economía ni a las empresas.

La discusión, por tanto, no será exclusivamente sobre cuánto ganará un trabajador, sino también sobre cuánto costará mantener un empleo formal.

También podrías leer: Inflación de julio: expertos prevén que llegue al 6,30 %

El antecedente de 2026 pesa sobre la nueva negociación

La negociación para 2027 tendrá como referencia inevitable lo ocurrido el año pasado.

En diciembre de 2025, trabajadores, empresarios y Gobierno no lograron llegar a un acuerdo sobre el incremento para 2026.

Ante la falta de consenso, el entonces presidente Gustavo Petro terminó fijando el aumento de manera unilateral el 29 de diciembre de 2025 .

El salario básico pasó de $1.423.500 a $1.750.905 , mientras el auxilio de transporte quedó establecido en $249.095.

Con ambos conceptos, el ingreso llegó a $2 millones.

El aumento del 23,7 % generó una fuerte controversia. Mientras los trabajadores defendían un incremento significativo para recuperar poder adquisitivo, los empresarios advertían que un aumento de esa magnitud podía elevar los costos de las compañías y afectar la generación de empleo.

Ese antecedente tendrá peso en la discusión que se avecina.

El Gobierno actual deberá definir si considera sostenible mantener una política de incrementos elevados o si, por el contrario, opta por una fórmula más cercana a los criterios técnicos que plantea el Banco de la República.

¿Cuánto quedaría el salario con un aumento del 5 %?

Si el incremento para 2027 fuera del 5 % , el salario básico pasaría de $1.750.905 a aproximadamente $1.838.450 .

El aumento sería cercano a $87.545 mensuales .

Si se mantuviera el actual auxilio de transporte de $249.095, el ingreso total sería de aproximadamente $2.087.545 .

Hay que aclarar que el auxilio también deberá ser definido para 2027, por lo que esta última cifra es únicamente una referencia.

Lo importante es que un aumento del 5 % llevaría el salario básico por encima de los $1,8 millones.

Un segundo escenario plantea un incremento del 6 % .

En ese caso, el aumento sería de aproximadamente $105.054 , por lo que el salario básico llegaría a $1.855.959 .

Si se utilizara nuevamente como referencia el auxilio de transporte vigente, el ingreso alcanzaría aproximadamente $2.105.054 .

La diferencia frente al escenario del 5 % sería de unos $17.509 mensuales en el salario básico.

Aunque puede parecer una diferencia pequeña, para un trabajador que depende del salario mínimo cada peso adicional tiene impacto en gastos como alimentación, transporte, vivienda y servicios.

También se ha mencionado un escenario del 7 % , principalmente como una referencia para el inicio de la discusión.

Pero este porcentaje no corresponde a una decisión del Gobierno ni a una propuesta oficial del Banco de la República.

Si hipotéticamente se aplicara sobre el salario actual, el aumento sería de aproximadamente $122.563 , llevando el salario básico hasta cerca de $1.873.468 .

Con el auxilio de transporte vigente, el ingreso sería de unos $2.122.563.

Sin embargo, esa cifra no debe interpretarse como una proyección oficial.

El porcentaje definitivo dependerá de la inflación con la que cierre el país, la productividad laboral, el crecimiento económico y las condiciones del mercado laboral.

El comportamiento de los precios durante el segundo semestre será determinante.

Si la inflación termina alrededor del 5 %, un incremento equivalente podría ser defendido como una forma de preservar el poder adquisitivo.

Si se acerca al 6 %, el escenario de un aumento de esa magnitud podría ganar fuerza.

Y si termina por encima de esos niveles, las organizaciones de trabajadores tendrán argumentos para reclamar un incremento superior.

Pero el Gobierno deberá escuchar también al Banco de la República y a los empresarios.

La productividad laboral es otro componente fundamental. La discusión técnica parte de que los salarios pueden crecer de manera sostenible cuando ese aumento está acompañado por una mayor capacidad productiva de la economía.

De lo contrario, una subida salarial demasiado rápida puede terminar trasladándose a precios o afectando la contratación.

La negociación será en el último trimestre

La cifra definitiva se conocerá después de la negociación formal entre trabajadores, empresarios y Gobierno, que tendrá lugar durante el último trimestre del año.

Hasta ese momento, 5 %, 6 % y 7 % son únicamente escenarios .

Lo que sí está claro es que el salario mínimo de 2027 partirá de una base históricamente alta después del incremento aplicado para 2026.

Con un aumento del 5 %, el salario básico quedaría cerca de $1,84 millones. Con 6 %, rondaría los $1,86 millones. Y con 7 %, se aproximaría a $1,87 millones.

A esas cifras habrá que sumar el auxilio de transporte que se determine para el próximo año.

Por ahora, la cifra sigue abierta. Pero las cuentas ya comenzaron.",neutral
2026-08-12,Diario del Huila,Precios mayoristas tuvieron comportamientos diferentes durante julio en Colombia.,"Precios mayoristas tuvieron comportamientos diferentes durante julio en Colombia.

Los precios mayoristas de productos agrícolas y pecuarios registraron comportamientos diferentes durante julio de 2026, con reducciones en alimentos como la habichuela y el lulo, mientras que productos como el maíz blanco trillado y las chatas de res presentaron aumentos en algunos mercados del país.

Así lo reportó el Departamento Administrativo Nacional de Estadística, DANE, a través del Sistema de Información de Precios y Abastecimiento del Sector Agropecuario, SIPSA, en su información mensual correspondiente a julio.

Entre los productos con mayores variaciones se encuentra la habichuela, cuyo precio mayorista disminuyó en 37 de los 40 mercados donde se comercializó. En Bogotá, el kilogramo se ofreció a $2.508, lo que representó una reducción de 29,23% frente al valor registrado en junio.

El lulo presentó una de las principales disminuciones entre las frutas incluidas en el reporte. La mayor reducción de su cotización se registró en Barranquilla, donde el kilogramo se vendió a $6.952.

En ese mercado, el precio disminuyó 12,34% en comparación con junio. El comportamiento hizo parte de las variaciones registradas en las centrales mayoristas durante el séptimo mes del año.

Las cotizaciones de los productos agrícolas pueden presentar diferencias entre ciudades debido a las condiciones de oferta y comercialización de cada mercado, por lo que las variaciones no fueron iguales en todo el país.

Mientras algunos productos registraron disminuciones, el maíz blanco trillado presentó un comportamiento contrario. En julio, su precio aumentó en los mercados donde se comercializó y uno de los incrementos reportados se presentó en Barranquilla.

En esta ciudad, el kilogramo se negoció a $2.511, con una variación de 6,99% frente al precio de junio. De acuerdo con la información del DANE, el incremento estuvo relacionado con una menor producción.

Este comportamiento se suma a las variaciones registradas en otros productos que hacen parte de la canasta comercializada en los mercados mayoristas del país.

El sector cárnico también registró cambios durante julio. Las cotizaciones de las chatas de res aumentaron en 19 de los 25 mercados donde se comercializó este corte.

El DANE señaló que este comportamiento estuvo asociado con una reducción de la oferta procedente de Antioquia. En Cali, el kilogramo de chatas de res alcanzó un precio de $52.138 durante el periodo.

Los resultados muestran que durante julio no hubo un comportamiento uniforme en los precios mayoristas. Mientras productos como la habichuela y el lulo presentaron reducciones en diferentes mercados, el maíz blanco trillado y las chatas de res registraron aumentos.

La información del SIPSA permite hacer seguimiento mensual a las cotizaciones de productos agropecuarios comercializados en los principales mercados mayoristas del país y observar los cambios en los precios según el comportamiento de la oferta y las condiciones de comercialización.",neutral
2026-08-12,Diario del Huila,Cafeteros afectados tendrán censo tras el sismo.,"Cafeteros afectados tendrán censo tras el sismo.

La Federación Nacional de Cafeteros activó un plan para establecer los daños ocasionados por el terremoto de magnitud 7,4 en las zonas rurales de seis departamentos. Viviendas e infraestructura productiva serán las primeras prioridades, mientras avanzan las labores de atención de la emergencia.

La Federación Nacional de Cafeteros activó un plan para evaluar las afectaciones que dejó el terremoto de magnitud 7,4 en las familias productoras de Risaralda, Valle del Cauca, Caldas, Antioquia, Chocó y Quindío.

El gerente general de la Federación, Germán Bahamón, anunció que la organización realizará un levantamiento familia por familia para establecer la dimensión de los daños y conocer las necesidades particulares de los hogares cafeteros afectados.

La estrategia estará coordinada por Guillermo Arcila, director de Desarrollo Social de la Federación , quien trabajará junto con la Gerencia Técnica, la Dirección de Alianzas y Proyectos, los comités departamentales y el servicio de extensión.

Los extensionistas serán los encargados de recorrer las zonas rurales y recopilar información directamente con los productores.

El objetivo es contar con un diagnóstico detallado que permita posteriormente establecer prioridades y gestionar, junto con el Gobierno nacional y las autoridades territoriales, las acciones necesarias para la recuperación.

La primera fase del diagnóstico estará concentrada en las viviendas rurales .

La Federación busca identificar cuáles casas requieren reparaciones, reforzamiento, reconstrucción o reposición, dependiendo de la gravedad de los daños ocasionados por el movimiento sísmico.

Pero la evaluación no se limitará a los hogares.

También será revisada la infraestructura productiva de las fincas cafeteras, incluyendo secaderos, sistemas de agua, equipos y otros elementos necesarios para mantener la actividad agrícola.

La decisión responde a una necesidad concreta: para una familia cafetera, recuperar su vivienda no es suficiente si también perdió las condiciones que le permiten trabajar y producir.

“Con este levantamiento podremos sentarnos con el Gobierno del presidente Abelardo de la Espriella y entregar información precisa para definir cómo acometer la reconstrucción”, señaló Bahamón.

El gerente agregó que la Federación mantendrá comunicación con el ministro del Interior, Rodrigo Lara, y con las autoridades nacionales y territoriales para coordinar la respuesta.

Una segunda etapa estará dirigida a identificar los daños en infraestructura que sirven a las comunidades rurales.

En esta evaluación serán incluidos acueductos rurales, escuelas, vías terciarias, puentes y accesos críticos .

La revisión será determinante porque la actividad cafetera depende también de las condiciones de movilidad y de los servicios básicos.

Una vía afectada puede dificultar el transporte del café y el ingreso de insumos, mientras que los daños en acueductos o escuelas pueden afectar a comunidades completas.

Con la información recopilada, la Federación pretende construir un diagnóstico territorial que sirva como base para definir las obras y acciones de reconstrucción.

También podrías leer: Impuesto al patrimonio: ¿qué cambiará con De la Espriella?

Bahamón recordó que la institucionalidad cafetera ya ha participado en procesos de recuperación después de grandes emergencias, entre ellas las tragedias de Armero, Popayán y Armenia .

En ese contexto destacó la experiencia de ForeCafé , mecanismo que, según señaló, demostró la capacidad del sector cafetero para participar en procesos de reconstrucción rural.

Sin embargo, el gerente insistió en que durante las primeras horas después del terremoto la prioridad es otra.

“Durante estas primeras 72 horas, la prioridad absoluta es salvar vidas, encontrar a quienes necesitan ayuda y atender la emergencia”, manifestó.

La Federación considera que el diagnóstico posterior permitirá pasar de la atención inmediata a una estrategia de recuperación que responda a las necesidades específicas de cada familia y comunidad.

El reto será convertir el levantamiento de información en acciones concretas para que los productores puedan recuperar sus viviendas, sus fincas y, con ellas, su capacidad de generar ingresos.

La reconstrucción rural, de acuerdo con la Federación, deberá hacerse desde el territorio y teniendo en cuenta las particularidades de cada zona afectada.",negativo
2026-08-12,Diario La Nación,Gobierno amplía plazo del pago del impuesto de renta.,"Gobierno amplía plazo del pago del impuesto de renta.

Hoy comenzaba a vencer el plazo del pago del Impuesto sobre la Renta y Complementarios, pero el Gobierno decidirá ampliar el plazo para las regiones afectadas por el sismo. Todavía no se ha expedido el decreto, pero sí un proyecto de decreto. El Huila no quedaría incluido en el aplazamiento.

“Hoy inicia el pago de impuesto de renta para personas naturales. Vamos a postergar durante un mes el pago de esas obligaciones”, dijo el ministro de Hacienda, Miguel Gómez. Argumentó que se debe al sismo ocurrido el pasado lunes. “Porque personas que están atendiendo un desastre no tienen la cabeza para estar pagando impuestos y vamos a darles un plazo adicional”. También anunció que podría ser más de un mes, “si es necesario ir más lejos lo haremos”.

El calendario de vencimientos para cumplir con esta obligación estaba programado entre el 12 de agosto y el 26 de octubre, según los dos últimos dígitos del NIT.

Aproximadamente siete personas naturales deben declarar renta este año.",positivo
2026-08-12,Diario La Nación,El arriendo fue lo que más aceleró la inflación en Neiva.,"El arriendo fue lo que más aceleró la inflación en Neiva.

Los precios en la ciudad se han acelerado a niveles que no se veían desde marzo del presente año, detalló el Dane a LA NACIÓN.

Los precios en Neiva durante solo julio mostraron un comportamiento favorable para el bolsillo de los colombianos. Esto si se le compara con el resultado arrojado por las demás ciudades capitales incluidas en la medición del Departamento Administrativo Nacional de Estadística (Dane), a través del Índice de Precios al Consumidor (IPC), que permite apreciar el comportamiento de la inflación.

La capital opita arrojó la cuarta inflación mensual más baja del país (0,06%), y eso ayudó a encarrilar la desbordada inflación anual de la ciudad, la cual va en sintonía con el comportamiento nacional, donde los datos no son favorables.

De acuerdo con el Dane, las subclases que registraron los mayores aportes a esta aceleración en los precios de julio frente a mayo fueron “los arriendos (efectivo e imputado), la carne de res, y los gastos en discotecas, bares, grilles, tabernas, fondas y tiendas dentro y al aire libre”.

En contraste, hubo otras subclases que contribuyeron a moderar la variación mensual de los precios y fueron “la carne de aves, los plátanos y el vehículo particular nuevo o usado”, le detalló el Dane a LA NACIÓN.

En cuanto al encarecimiento del costo de vida anual, la inflación fue del 5,39% durante julio de 2026, muy por encima del incremento apreciado durante el mismo mes del año pasado (4,69%).

Sin embargo, la inflación fue la octava más baja del país; además, se situó por debajo del promedio nacional que se moderó levemente y fue del 6,03%.

El ideal es que la inflación anual del país sea del 3%, pero desde hace cinco años está muy por encima de ese rango.

Los precios en términos anuales en Neiva vienen aumentando principalmente por “las contribuciones de los arriendos (efectivo e imputado), las comidas en establecimientos de servicio a la mesa y autoservicio, y las frutas frescas”.

Por el contrario, las subclases que más restaron a la variación anual fueron “las hortalizas y legumbres frescas, el tomate y los plátanos”, precisó la entidad estadística.

Esta variación anual del IPC en Neiva durante julio (5,39%) se ubica en un nivel muy similar al observado en marzo del presente año (5,31%) y al registrado en julio de 2024 (5,79%).

Las ciudades donde más se acelera la inflación a julio son Medellín (6,95%), Bucaramanga y Pereira. Mientras que donde menos se incrementa el costo de vida es en primer lugar Riohacha (3,6%), luego Pasto y Santa Marta.

Para el economista Felipe Campos, gerente de inversión y estrategia de Alianza Valores y Fiduciaria, el resultado de la inflación anual del país, que recordemos fue de 6,03%, es un “buen dato”, pues “bajó más de lo esperado”. Por eso, “surge la pregunta obvia: ¿de verdad se va a reacelerar tanto a fin de año? A mí me parece una apuesta exagerada que El Niño vuelva a dañar alimentos y explique 70% de la subida final”.

Mientras que el economista Germán Cristancho, director investigaciones económicas de Davivienda, analizó la inflación solo mensual y dijo que fueron las “menores tarifas de transporte, precios de vehículos y de algunos alimentos”, los que “ayudaron a compensar los incrementos de las tarifas de energía, los arrendamientos y las cuotas de copropiedades”.",positivo
2026-08-12,Diario del Huila,"Inflación en Colombia cedió en julio y se ubicó en 6,03 %.","Inflación en Colombia cedió en julio y se ubicó en 6,03 %.

El costo de vida en Colombia registró una moderación durante julio, luego de que la inflación anual se ubicara en 6,03 %, según los datos del Departamento Administrativo Nacional de Estadística, DANE. La cifra representa una reducción frente al 6,14 % registrado en junio y marca un cambio en el comportamiento que había mostrado el indicador durante los meses anteriores.

En el séptimo mes del año, el Índice de Precios al Consumidor tuvo una variación mensual de 0,17 %, mientras que el acumulado entre enero y julio llegó a 4,94 %. El resultado anual también quedó por debajo de las estimaciones que manejaba el mercado, que esperaba una inflación entre 6,14 % y 6,30 %.

El comportamiento de los precios estuvo relacionado con las variaciones registradas en diferentes divisiones de gasto. Mientras algunos servicios y productos mantuvieron presiones sobre el bolsillo de los hogares, alimentos, transporte y otros grupos presentaron reducciones durante julio que contribuyeron a contener el resultado mensual.

Precios de alimentos cambiaron el rumbo del mes

Entre los grupos que incidieron en el comportamiento de la inflación estuvieron los alimentos y las bebidas no alcohólicas. Esta división registró una variación mensual de menos 0,13 %, comportamiento que ayudó a moderar el resultado general de julio.

Dentro de los productos que presentaron reducciones se encuentran el plátano y el tomate. El primero tuvo una disminución mensual de 6,82 %, mientras que el tomate bajó 3,89 %. En el comportamiento anual también se observaron reducciones en algunos productos de la canasta familiar.

El tomate acumuló una variación de menos 17,21 % en el último año, seguido por la carne de cerdo y sus derivados, con una disminución de 6,23 %. El arroz registró una reducción de 5,60 %, mientras que las hortalizas y legumbres frescas bajaron 4,98 %.

Sin embargo, otros alimentos mantuvieron incrementos importantes. La papa registró un aumento anual de 41,60 %, las frutas frescas subieron 18 % y la carne de res y sus derivados aumentaron 14,37 %. Estas diferencias muestran que la evolución de los precios no fue uniforme dentro de la canasta de consumo.

Servicios mantuvieron presión sobre los hogares

Aunque el comportamiento de los alimentos contribuyó a moderar el indicador, otras divisiones continuaron registrando aumentos. Alojamiento, agua, electricidad, gas y otros combustibles presentó en julio una variación de 0,55 %, la más alta entre las divisiones de gasto durante el mes.

Salud registró una variación mensual de 0,38 %, mientras que prendas de vestir y calzado tuvo un aumento de 0,31 %. En contraste, transporte presentó una variación de menos 0,24 %, debido en parte a la reducción de los precios de los tiquetes aéreos, que bajaron 4,95 % durante el mes.

Recreación y cultura también tuvo una variación negativa de 0,13 %.

Restaurantes siguen entre los mayores aumentos

En el resultado anual, varias divisiones permanecieron por encima del promedio nacional de 6,03 %. Restaurantes y hoteles registró la mayor variación, con 9,53 %, seguido por salud con 8,37 % y educación con 7,57 %.

Bebidas alcohólicas y tabaco presentaron un incremento anual de 7,14 %, mientras que muebles, artículos para el hogar y conservación ordinaria de la vivienda alcanzaron una variación de 6,30 %.

Entre los servicios que registraron mayores aumentos estuvo también el servicio doméstico, con una variación anual de 13,90 %. El transporte urbano aumentó 10,67 % y las comidas preparadas en establecimientos de servicio o autoservicio tuvieron una variación de 9,72 %.

Por debajo del promedio nacional quedaron bienes y servicios diversos, con 5,97 %, alimentos y bebidas no alcohólicas, con 5,82 %, y alojamiento, agua, electricidad, gas y otros combustibles, con 5,40 %.

También se ubicaron por debajo del resultado nacional transporte, con 5,21 %, información y comunicación, con 4,97 %, recreación y cultura, con 3,74 %, y prendas de vestir y calzado, con 3,38 %.

Acumulado del año mantiene una presión cercana al 5 %

Con el resultado de julio, la inflación acumulada durante los primeros siete meses de 2026 llegó a 4,94 %. El dato recoge el comportamiento de los precios desde enero y permite observar que, pese a la moderación registrada en el séptimo mes, el costo de vida mantiene un incremento significativo en lo corrido del año.

Las divisiones de restaurantes y hoteles, alimentos y bebidas no alcohólicas y educación aparecen entre las que acumulan mayores incrementos durante este periodo. La evolución de estos grupos tiene incidencia directa sobre gastos frecuentes de los hogares, particularmente en alimentación, educación y consumo fuera del hogar.

El comportamiento mensual de 0,17 % fue inferior a las proyecciones que tenía el mercado financiero. Los analistas esperaban una variación mensual que podía ubicarse entre 0,25 % y 0,42 %, por lo que el resultado terminó por debajo de esas previsiones.

Tasas de interés quedan bajo observación

El nuevo dato de inflación también entra en el análisis de la política monetaria. El Banco de la República mantiene como referencia una tasa de interés de 12 %, vigente desde el primero de julio, después de que la Junta Directiva decidiera incrementar el indicador en 75 puntos básicos durante su reunión de junio.

La inflación constituye uno de los principales elementos que considera la autoridad monetaria al momento de definir el nivel de las tasas de interés. Por eso, la reducción del indicador anual frente a junio será parte de la información disponible para las próximas decisiones.

El resultado de julio no significa que los precios hayan dejado de aumentar. El IPC mensual registró un incremento de 0,17 % y el acumulado del año llegó a 4,94 %. Lo que muestran las cifras es una menor velocidad de crecimiento frente al comportamiento observado en meses anteriores.",positivo
2026-08-13,Diario del Huila,Cuatro de cada diez huilenses viven bajo la línea de pobreza monetaria.,"Cuatro de cada diez huilenses viven bajo la línea de pobreza monetaria.

La pobreza monetaria en Colombia registró una reducción durante 2025, pero el comportamiento departamental muestra que la disminución no se presentó de la misma manera en todo el territorio. Mientras el indicador nacional descendió al 28,0 %, en el Huila alcanzó el 40,4 %, de acuerdo con las cifras consolidadas por el Departamento Administrativo Nacional de Estadística, DANE.

El resultado departamental significa que cerca de cuatro de cada diez huilenses se encontraban por debajo del umbral establecido para determinar esta condición. La cifra presentó una variación frente al periodo anterior, cuando el indicador se ubicó en 40,2 %, por lo que el comportamiento del Huila fue diferente al registrado en el conjunto del país.

La medición de pobreza monetaria permite establecer la proporción de personas cuyos ingresos no alcanzan para cubrir el costo de una canasta básica de bienes y servicios. Para hacerlo, el DANE calcula los ingresos disponibles de los hogares y determina cuánto corresponde a cada integrante.

Para 2025, la línea de pobreza monetaria nacional quedó establecida en 482.041 pesos mensuales por persona. El valor tuvo un incremento de 4,7 % frente a los 460.198 pesos definidos para 2024.

Este parámetro permite establecer un punto de referencia para la medición. En un hogar integrado por cuatro personas, por ejemplo, el ingreso mensual requerido para superar la línea de pobreza monetaria nacional correspondía a 1.928.164 pesos.

La clasificación no depende únicamente de cuánto dinero recibe una persona de manera individual. El cálculo parte de los ingresos de la unidad de gasto y posteriormente los distribuye entre sus integrantes. Cuando el ingreso per cápita queda por debajo del umbral definido por el DANE, las personas que hacen parte de ese hogar son contabilizadas dentro de la población en pobreza monetaria.

También existe una medición específica para la pobreza monetaria extrema. En 2025, la línea nacional se estableció en 227.220 pesos mensuales por persona y se relaciona exclusivamente con el valor de una canasta básica de alimentos.

Huila se mantiene por encima del promedio

El 40,4 % registrado en el Huila supera en más de 12 puntos porcentuales el resultado nacional de 28,0 %. La diferencia muestra una brecha entre el comportamiento general de Colombia y las condiciones de ingreso que persisten en el departamento.

A nivel nacional, 2025 cerró con una reducción de 3,8 puntos porcentuales frente al periodo anterior, cuando la pobreza monetaria se ubicó en 31,8 %. De acuerdo con la medición, alrededor de 1,8 millones de personas dejaron de estar bajo la línea de pobreza durante ese periodo.

El mapa departamental mantiene diferencias importantes. Chocó presentó el indicador más alto, con 65,3 % de su población bajo la línea de pobreza monetaria. En el otro extremo aparecen departamentos con porcentajes considerablemente menores, entre ellos Cundinamarca y Valle del Cauca, cuyos registros se ubicaron en niveles cercanos al 23 % y 28 %.

Las diferencias también se observan entre las zonas urbanas y rurales. En el Huila, los centros poblados y las áreas rurales dispersas concentran una mayor incidencia de pobreza monetaria frente a las cabeceras municipales, una situación que se relaciona con las diferencias en ingresos y oportunidades económicas entre territorios.

La relación entre las condiciones laborales y la pobreza también aparece en las cifras nacionales. El indicador muestra una diferencia marcada entre los hogares cuya jefatura realiza aportes al sistema pensional y aquellos en los que no existe esta cotización.

En los hogares donde el jefe no cotiza a pensión, la pobreza monetaria alcanzó el 38,8 %. En aquellos donde sí se realiza este aporte, el indicador fue de 7,3 %. La diferencia evidencia la relación existente entre la estabilidad de los ingresos laborales y la capacidad de los hogares para superar el umbral monetario establecido.

En departamentos con una participación importante de actividades informales, esta situación adquiere relevancia dentro del análisis de las condiciones económicas. La ausencia de ingresos estables puede incidir en la capacidad de los hogares para responder a gastos asociados con alimentación, vivienda, transporte, educación y otros bienes y servicios.

Para el Huila, el comportamiento departamental debe analizarse además teniendo en cuenta las diferencias entre sus municipios y entre las zonas urbanas y rurales. El indicador general reúne realidades económicas distintas que no necesariamente tienen el mismo comportamiento en todo el territorio.

Aunque Colombia redujo la proporción de población en pobreza monetaria durante 2025, las cifras departamentales muestran que el descenso nacional no elimina las diferencias territoriales.

Las regiones con mayores niveles de pobreza continúan concentrándose principalmente en departamentos de la Costa Caribe y el litoral Pacífico, mientras que los registros más bajos se encuentran en algunos departamentos con mayor concentración urbana y economías con mejores niveles de ingreso.

La metodología utilizada actualmente por el DANE tiene como base la Encuesta Nacional de Presupuesto de los Hogares realizada entre 2016 y 2017. Esta actualización reemplazó la metodología anterior, conocida como MESEP, por lo que las cifras de la serie vigente no deben compararse directamente con resultados obtenidos bajo la metodología anterior.

Para el Huila, el dato de 40,4 % plantea un escenario distinto al resultado nacional. Mientras el país redujo de manera significativa la incidencia de la pobreza monetaria, el departamento presentó una variación leve frente al periodo previo y permanece por encima del promedio colombiano.

Las cifras permiten observar así una diferencia que va más allá del resultado nacional. La reducción de la pobreza en Colombia convive con departamentos donde una parte importante de la población todavía permanece por debajo del ingreso necesario para cubrir la canasta básica. En el caso del Huila, esa situación alcanza a cuatro de cada diez habitantes según la medición oficial correspondiente a 2025.",negativo
2026-08-13,Diario La Nación,El Huila no se beneficia de ampliación de plazos tributarios.,"El Huila no se beneficia de ampliación de plazos tributarios.

Debido a las afectaciones del sismo del 10 de agosto, el Gobierno Nacional estableció plazos especiales para la declaración y pago del impuesto sobre la renta y complementarios de personas naturales y sucesiones ilíquidas con vencimientos para el mes de agosto. Esto cobija únicamente a los contribuyentes que a 10 de agosto de 2026 tengan su domicilio fiscal en: Cali, Palmira, Tuluá, Buenaventura, Pereira, Armenia, Manizales, Quibdó y Popayán, aclaró la Dian.

Es decir, que la medida no cobija a los contribuyentes del Huila.

Tendrán los siguientes vencimientos. Últimos dos dígitos del NIT de su RUT, sin tener en cuenta el dígito de verificación: 01 y 02: 27 de oct. 03 y 04: 28 de oct. 05 y 06: 29 de oct. 07 y 08: 30 de oct. 09 y 10: 03 de nov. 11 y 12: 04 de nov. 13 y 14: 05 de nov. 15 y 16: 06 de nov. 17 y 18: 09 de nov. 19 y 20: 10 de nov. 21 y 22: 11 de nov. 23 y 24: 12 de nov. 25 y 26: 13 de nov.

Los agentes de retención y autorretenedores que a 10 de agosto de 2026 tengan su domicilio fiscal en alguno de los municipios señalados, podrán presentar y pagar la declaración mensual correspondiente al mes de julio de 2026 en los plazos previstos para la presentación y pago de la declaración mensual correspondiente al mes de agosto, sin liquidación de intereses moratorios ni sanciones, así: Último dígito del NIT: 1 – 9 de sept. 2 – 10 de sep. 3 -11 de sept. 4 – 14 de sept. 5 – 15 de sept. 6 – 16 de sept. 7 – 17 de sept. 8 -18 de sept. 9 – 21 de sept. 0 – 22 de sept.

Los demás plazos para esta obligación se mantienen sin modificación.

Un segundo proyecto de decreto contempla la suspensión de términos aduaneros en las direcciones seccionales desde el 10 de agosto hasta el 10 de septiembre de 2026.

Estas medidas no aplican para grandes contribuyentes.",negativo
2026-08-13,Diario La Nación,Sismo: seis medidas urgentes que piden los municipios.,"Sismo: seis medidas urgentes que piden los municipios.

Las alcaldías están escasas de recursos para recuperarse del letal terremoto que en el caso del Huila afectó a 21 municipios. Los mandatarios esperan ser escuchados por el presidente De La Espriella en el marco de la emergencia económica.

La emergencia provocada por el terremoto del 10 de agosto abrió un segundo frente para los municipios afectados: después de atender a las personas damnificadas y responder a las necesidades más inmediatas, las administraciones locales deberán encontrar recursos para reconstruir viviendas, recuperar infraestructura y reactivar las economías que quedaron golpeadas por el desastre.

Ante este escenario, la Federación Colombiana de Municipios pidió al Gobierno Nacional adoptar medidas extraordinarias que permitan a los alcaldes actuar con mayor autonomía y velocidad. El gremio, que representa a los mandatarios locales del país, reconoció la importancia de la declaratoria de desastre nacional y emergencia anunciada por el Ejecutivo y planteó un paquete de seis medidas para evitar que las restricciones presupuestales se conviertan en un obstáculo adicional durante la recuperación.

Desde los municipios piden al Gobierno Nacional “flexibilizar el uso de recursos territoriales, adoptar alivios tributarios y facilitar inversión pública y privada en las zonas afectadas por el terremoto”, a seguró Julián Sánchez, alcalde de Soacha y Presidente de la Federación.

La primera petición consiste en permitir que los municipios afectados utilicen excepcionalmente el 7% de los recursos del Sistema General de Participaciones (SGP) que inicialmente estaban destinados a deporte y cultura. La propuesta es que ese dinero pueda ser redireccionado exclusivamente a la atención de la emergencia y a la reparación y reconstrucción de infraestructura residencial, comercial e institucional.

La Federación también reclama una salida rápida para los recursos disponibles en el Fonpet. La propuesta consiste en habilitar un mecanismo excepcional de desahorro para municipios que cuenten con excedentes en los sectores de propósito general y educación, de manera que estos saldos puedan ser girados por el Ministerio de Hacienda y utilizados para atender las necesidades humanitarias y reconstruir infraestructura pública y comunitaria.

El tercer frente está relacionado con las regalías. Los municipios afectados buscan tener la posibilidad de aprobar directamente proyectos destinados a responder a la emergencia y reconstruir infraestructura, aun cuando no hayan sido contemplados en el capítulo independiente de regalías de sus planes de desarrollo. La medida estaría condicionada al recaudo efectivo, los compromisos previamente adquiridos y la apropiación disponible.

La propuesta incluye, además, la posibilidad de liberar recursos de proyectos financiados con asignaciones directas, locales o de inversión regional de los departamentos.

Para hacerlo, las entidades territoriales tendrían que expedir un acto administrativo debidamente motivado y demostrar que el proyecto todavía no ha entrado en proceso de contratación y que, debido a la emergencia, dejó de ser prioritario.

El impacto económico sobre las familias y los negocios también hace parte de las preocupaciones de los alcaldes. Por eso, la Federación propone que los municipios puedan establecer, hasta por dos vigencias fiscales, exenciones del impuesto Predial Unificado y del ICA para las personas y establecimientos que hayan sufrido pérdidas materiales.

El gremio plantea que la Nación compense a las tesorerías municipales por los recursos que dejen de recibir, con el objetivo de que los alivios a los damnificados no terminen comprometiendo la capacidad financiera de los gobiernos locales.

Otra de las propuestas busca convertir al sector privado en un aliado directo de la reconstrucción. Fedemunicipios plantea habilitar excepcionalmente el mecanismo de Obras por Impuestos para que las empresas obligadas a declarar renta puedan destinar hasta el 50% de su impuesto a cargo a proyectos de recuperación en los municipios afectados. La intención es ampliar este instrumento más allá de los municipios ZOMAC y territorios PDET y permitir que la inversión empresarial contribuya a reconstruir infraestructura residencial, comercial, educativa y vial.

La sexta solicitud apunta directamente a la sostenibilidad financiera de los gobiernos territoriales. La Federación pide que durante 2026 y 2027 se establezca una excepción temporal para los municipios cuyos ingresos corrientes de libre destinación disminuyan como consecuencia del terremoto y que, debido a esa reducción, superen los límites establecidos para los gastos de funcionamiento. En esos casos, solicitan que no se apliquen las sanciones asociadas al incumplimiento de los topes contemplados en las leyes 617 de 2000 y 819 de 2003.

La Federación considera que los municipios no pueden enfrentar solos el costo de la reconstrucción y que se requiere una articulación efectiva entre Gobierno Nacional, entidades territoriales y sector privado.",negativo
2026-08-13,Diario del Huila,"Informalidad laboral bajó, pero persisten brechas entre distintos grupos en Colombia.","Informalidad laboral bajó, pero persisten brechas entre distintos grupos en Colombia.

El mercado laboral colombiano cerró el trimestre abril-junio de 2026 con una informalidad de 54,5%, mientras que la participación en el trabajo mostró diferencias importantes entre hombres y mujeres, población campesina y no campesina, y personas con y sin discapacidad.

Los resultados hacen parte de los informes especiales de mercado laboral publicados por el Departamento Administrativo Nacional de Estadística, DANE, que permiten conocer cómo se comportó el empleo en distintos sectores de la población durante el segundo trimestre del año.

La proporción de ocupados informales disminuyó 0,5 puntos porcentuales frente al mismo trimestre de 2025, cuando se ubicó en 55,0%. Aunque la variación fue moderada, el dato muestra una reducción en la participación de trabajadores que se encontraban en esta condición.

Mujeres permanecen más alejadas del mercado laboral

Una de las principales diferencias aparece al comparar la participación laboral de hombres y mujeres. Entre abril y junio, la brecha en la tasa global de participación fue de 22,9 puntos porcentuales, mientras que en la tasa de ocupación alcanzó 23,2 puntos.

La diferencia también se reflejó en la desocupación, cuya brecha entre hombres y mujeres fue de 3,4 puntos porcentuales.

La distancia se amplía cuando se observa la población que está fuera de la fuerza laboral. El 35,3% de las personas en edad de trabajar se encontraba por fuera de la fuerza de trabajo durante el trimestre.

Entre los hombres, esta proporción fue de 23,3%, mientras que entre las mujeres alcanzó 46,2%, una diferencia de 22,9 puntos porcentuales.

Participación de los jóvenes tuvo un aumento

La población joven presentó un incremento en su participación dentro del mercado laboral. La tasa global de participación llegó a 55,4% entre abril y junio de 2026, frente al 54,3% registrado en el mismo periodo del año anterior.

El aumento fue de 1,1 puntos porcentuales y refleja una mayor proporción de jóvenes participando en el mercado laboral, ya sea con un empleo o en búsqueda de uno.

Por parentesco dentro del hogar también se encontraron diferencias. Los jefes de hogar registraron una tasa global de participación de 73,6%, seguidos por los cónyuges con 61,0%, los hijos con 57,3% y otros miembros del hogar con 49,0%.

En ocupación, los jefes de hogar alcanzaron 69,6%, los cónyuges 56,7%, los hijos 48,3% y los otros miembros del hogar 42,9%.

Población campesina tuvo menor participación

Entre la población campesina, la tasa global de participación se ubicó en 62,2% durante el trimestre. Frente a la población no campesina, el resultado fue 3,7 puntos porcentuales menor.

La tasa de ocupación de la población campesina fue de 58,0%, mientras que la diferencia frente a la población no campesina fue de 2,0 puntos porcentuales.

Estos resultados muestran diferencias en la forma como distintos grupos de población participan en el mercado laboral y acceden a la ocupación.

La brecha más amplia se observa en personas con discapacidad

Una de las mayores diferencias registradas en los indicadores corresponde a la participación laboral de las personas con discapacidad.

Durante abril-junio de 2026, la tasa global de participación de esta población fue de 20,2%, frente al 67,2% de las personas sin discapacidad. La diferencia entre ambos grupos alcanzó 46,9 puntos porcentuales.

El resultado evidencia una distancia considerable en la participación dentro del mercado laboral entre las dos poblaciones.

DANE también midió población étnica y LGBT

Los informes correspondientes al año móvil julio de 2025-junio de 2026 incluyeron además información sobre la participación laboral según autorreconocimiento étnico-racial.

En la población indígena, la tasa global de participación fue de 64,1%, mientras que para las poblaciones Negro, Afrodescendiente, Raizal y Palenquero, y Negro, Afrodescendiente o afrocolombiano, se ubicó en 64,8%.

Para la población LGBT, el DANE estimó 496 mil personas lesbianas, gais, bisexuales, trans y no binarias durante este periodo, equivalentes al 1,3% de la población mayor de edad en Colombia.

Los datos permiten observar que detrás de las cifras generales del mercado laboral existen diferencias entre grupos de población, tanto en el acceso a la ocupación como en la participación y permanencia dentro de la fuerza de trabajo.",positivo
2026-08-14,Diario del Huila,Presupuesto 2027 deberá ajustar sus cuentas fiscales.,"Presupuesto 2027 deberá ajustar sus cuentas fiscales.

La devolución del proyecto de Presupuesto General de la Nación de 2027 al Ministerio de Hacienda abrió un nuevo escenario para revisar las cuentas del Gobierno. Además de corregir un faltante superior a $30 billones, expertos advierten que deberán actualizarse las proyecciones de gasto, inversión y, especialmente, el costo de los intereses de la deuda pública.

Las cuentas con las que el Gobierno Nacional pretende financiar el próximo año deberán pasar nuevamente por el escritorio del Ministerio de Hacienda. Las comisiones económicas del Congreso aprobaron el pasado 11 de agosto devolver el proyecto de Presupuesto General de la Nación (PGN) de 2027, una decisión que obliga a revisar las cifras antes de que la iniciativa retome su trámite legislativo.

El principal problema identificado por el Congreso es un faltante superior a $30 billones , que dejó en evidencia la necesidad de corregir los supuestos sobre los cuales fue construido el proyecto presentado por la anterior administración.

Pero la discusión no se limita a encontrar nuevos recursos. El nuevo Gobierno también tendrá que revisar si las proyecciones de gasto para funcionamiento, inversión y servicio de la deuda corresponden al escenario fiscal que enfrenta actualmente Colombia.

Uno de los puntos que concentra la atención está precisamente en los intereses de la deuda. Investigaciones Económicas y Análisis de Mercados del Banco de Bogotá considera que este componente podría estar subestimado frente al costo que actualmente tiene para el país conseguir financiación.

El análisis plantea que las cifras oficiales sobre el comportamiento reciente del gasto en intereses deben observarse con cuidado debido al efecto que tuvieron las llamadas Operaciones de Manejo de Deuda (OMD) .

Durante 2025, Crédito Público realizó operaciones mediante las cuales intercambió títulos de deuda descontados, que tenían tasas relativamente bajas, por títulos primados con tasas más altas. El movimiento permitió reducir el saldo nominal de la deuda en $21,6 billones , equivalentes a 1,2 % del PIB.

Estas operaciones tuvieron consecuencias sobre diferentes indicadores fiscales calculados bajo la metodología de caja modificada.

De acuerdo con Investigaciones Económicas, el efecto contable de estas operaciones contribuyó a que el gasto anual en intereses pasara de representar 4,3 % del PIB en 2024 a 2,8 % en 2025 .

Sin embargo, al retirar ese efecto, la lectura de las cuentas cambia sustancialmente. El análisis estima que el gasto por intereses habría representado cerca de 4 % del PIB en 2025 , en lugar del 2,8 % reportado oficialmente.

La diferencia también se refleja en otros indicadores. Sin el efecto de las operaciones de deuda, el déficit fiscal habría alcanzado 7,8 % del PIB , frente al 6,4 % informado, mientras que la deuda neta se habría ubicado en 59,8 % del PIB , por encima del 58,6 % registrado oficialmente.

La preocupación adquiere mayor relevancia al observar las condiciones actuales del mercado financiero.

Según el análisis del Banco de Bogotá, durante 2026 la tasa que enfrenta Colombia para adquirir nuevo financiamiento alcanzó niveles que no se observaban desde hace 17 años. Esto significa que el Estado debe destinar una mayor cantidad de recursos para atender las obligaciones derivadas de su endeudamiento.

Con ese escenario, Investigaciones Económicas calcula que el gasto en intereses podría alcanzar 4,5 % del PIB en 2027 , mientras el proyecto inicialmente presentado contemplaba una cifra de 3,9 % del PIB .

La diferencia parece pequeña expresada en términos porcentuales, pero adquiere una dimensión considerable cuando se traslada al tamaño de las cuentas nacionales. Cada décima adicional en el costo financiero implica recursos que dejan de estar disponibles para otras prioridades del presupuesto.

El problema, por tanto, tiene una doble dimensión. El Gobierno debe cerrar el hueco superior a $30 billones identificado por el Congreso y, simultáneamente, evitar que las estimaciones sobre el servicio de la deuda terminen siendo inferiores a las obligaciones reales.

También puedes leer: Cafeteros afectados tendrán censo tras el sismo

La coyuntura también presenta una oportunidad para el Gobierno. Las tasas de los títulos de deuda pública colombiana, conocidos como TES, han registrado una disminución cercana a 150 puntos básicos desde finales de abril .

Este comportamiento podría permitir al Ministerio de Hacienda evaluar nuevas Operaciones de Manejo de Deuda destinadas a reducir el costo financiero de algunas obligaciones.

La lógica sería sustituir deuda contratada a tasas elevadas por obligaciones con menores costos, aprovechando las condiciones actuales del mercado.

No se trataría, sin embargo, de una solución al problema estructural de las finanzas públicas. Una operación de este tipo podría aliviar el pago de intereses, pero no elimina la necesidad de revisar los ingresos, los gastos y los supuestos macroeconómicos que sustentan el presupuesto.

La decisión también debe analizarse en medio de las nuevas necesidades fiscales derivadas de la emergencia nacional provocada por el terremoto. La atención de la emergencia puede generar presiones adicionales sobre el gasto público en un momento en que las cuentas ya enfrentan restricciones.

El reto de ajustar sin recortar prioridades

La devolución del proyecto ofrece al Gobierno un margen para corregir las cifras antes de que el presupuesto vuelva al Congreso. El plazo establecido llega hasta el 30 de agosto , fecha para la cual deberán estar listas las modificaciones que permitan reanudar el trámite legislativo.",negativo
2026-08-14,Diario La Nación,Sismo no impacta la exportación de café.,"Sismo no impacta la exportación de café.

El envío de café al exterior continúa de manera fluida a través de los terminales marítimos del Caribe (Cartagena y Santa Marta) garantizando el cumplimiento oportuno de los compromisos internacionales, informó la Federación Nacional de Cafeteros.

En el caso del Puerto de Buenaventura, las operaciones fueron habilitadas luego de tres días de revisión preventiva de la infraestructura en sus tres terminales (Agua Dulce, Sociedad Portuaria y TCBUEN) y así corroborar que fueran aptas para darle continuidad a la operación. Desde este puerto se exporta el 60% del grano colombiano que llega a más de 100 países, con 10 millones de sacos anuales, aproximadamente.

De acuerdo con la información suministrada por las autoridades de transporte, actualmente la vía Buga-Buenaventura se habilita de forma gradual con paso restringido, y la capacidad exportadora de Colombia se mantiene plenamente activa.

La Federación realiza un monitoreo permanente en todos los puertos para asegurar el control de calidad y mantener la confiabilidad del grano en los mercados globales.",positivo
2026-08-14,Diario La Nación,Expectativas por decreto de emergencia económica y sus medidas.,"Expectativas por decreto de emergencia económica y sus medidas.

Hasta el cierre de esta edición no ha sido expedido el anunciado decreto de emergencia económica, pero los empresarios ven la medida con muy buenos ojos.

La declaratoria de emergencia económica, debido al sismo del pasado lunes, tiene a los colombianos en expectativa, pues derivado del decreto, que hasta el cierre de esta edición no había sido expedido, se desprenderán varias medidas que impactarán directamente el bolsillo de los ciudadanos.

Según el presidente del gremio de los industriales, Bruce Mac Master, “sin duda alguna, se trata de una decisión consecuente con la realidad. Efectivamente estamos en una emergencia que requiere de una cantidad de recursos y de la atención especial del Estado. Queremos y tenemos la posibilidad todos los colombianos en este momento de volcarnos a dar la solución. A mí me parece que es absolutamente entendible”.

De hecho, la Andi lleva a cabo hasta hoy su tradicional Congreso Empresarial Colombiano – CEC, el cual ha tenido como eje central la solidaridad y apoyo ante la emergencia ocasionada por el terremoto. Son más de $31 mil millones los que había recibido hasta el cierre de esta edición. “Un aporte que demuestra la capacidad del sector empresarial para unirse y contribuir en momentos en que Colombia más lo necesita”, destacó.

Precisamente durante su intervención en el Congreso de la Andi, la presidenta del Grupo Aval, María Lorena Gutiérrez, planteó la necesidad de que el país aproveche el contexto de la emergencia económica, derivada del terremoto del 10 de agosto, para impulsar la ejecución de proyectos en el sector minero‑energético y enfrentar los retos que traerá el fenómeno de El Niño. “Podrían sacar un decreto de emergencia que tenga que ver con la energía; lo que tenemos que destrabar son los proyectos”, afirmó.

De igual manera, celebró la declaratoria de emergencia económica el empresario Mario Hernández, pues destacó: “tenemos presidente tomando medidas y declarando emergencia económica, pensando en la gente”.

La voluntad también está en el sector de los comerciantes y empresarios agremiados a Fenalco, quienes plantean poner en marcha Fénix, “un Fondo Nacional de Reconstrucción y Reactivación con participación público-privada, recursos del Gobierno, empresarios y cooperación internacional”. Según explicó el gremio, se trata de una “herramienta ágil para reconstruir las zonas afectadas, reactivar la economía, proteger empleos y recuperar los negocios. Los empresarios queremos aportar. Pongamos esa voluntad al servicio de la reconstrucción de Colombia”.

Desde el martes, el Pacto Histórico, partido de oposición, había pedido mediante comunicado de prensa la declaratoria de emergencia económica.

Por ejemplo, para la senadora Laura Cristina Ahumada “es urgente declarar el estado de emergencia económica, social y ecológica. Necesitamos acciones del Gobierno Nacional, no solo anuncios de prensa, para que el costo de esta crisis no recaiga solo sobre los afectados o las clases populares de nuestro país”.

No obstante, el expresidente Gustavo Petro ha satanizado la declaratoria. Ayer, publicó un extenso mensaje, que según dijo, le envió el exdirector de la UNGRD, Javier Pava, donde le comenta, entre otras cosas: “van a sacar un decreto de emergencia económica para modificar las fuentes financieras, sobreendeudando al país y obligando a todos los colombianos a sumarnos estos gastos con graves impactos económicos”.

Y advirtió sobre una “insostenibilidad de la deuda que la encarecerá aún más, si el Banco de la República no baja la tasa de interés y si los ricos de Colombia no se meten la mano al bolsillo para devolver lo que el pueblo trabajador les entregó en subsidios. Ahora que ven sufrir al pueblo trabajador, miran para otro lado, ricos apátridas y sin alma. Ya veo a Trump preparando un gran crédito del FMI para salvar al Estado colombiano del “default””.

La declaración de emergencia económica es diferente al decreto que declaró una Situación de Desastre de Carácter Nacional en varios departamentos, entre ellos el Huila, el pasado martes 11 de agosto.

Lo que contendría la emergencia económica",positivo
2026-08-15,Diario La Nación,Así se alistan los piscicultores para “El Niño”.,"Así se alistan los piscicultores para “El Niño”.

La Gobernación del Huila, junto a otras instituciones y los gremios, viene trazando acciones ante la posible sequía derivada de la reducción de las precipitaciones y el aumento de temperaturas, que impactarían en el sector piscícola.

Se han implementado una serie de protocolos de respuesta que se van activando de acuerdo a los niveles del embalse: si los niveles permanecen por encima del 70%, se establece que se encuentran dentro de los parámetros y condiciones normales para la producción de tilapia; si los niveles caen por debajo del 70% y hasta el 50%, el semáforo pasa a color amarillo; por debajo de 50% y hasta el 35%, se enciende la luz naranja, y por debajo de 35%, el color pasa a rojo.

Para mantener informados a los piscicultores y, a su vez, retroalimentar la matriz con datos de campo de cada una de las unidades productivas, se implementará una plataforma tecnológica en línea, donde diariamente, se da a conocer el nivel de los embalses y se reciben variables como temperatura, PH, oxígeno disuelto, saturación de oxígeno, niveles de mortalidad de peces y hora de la toma de muestras. Hoy, a pesar de las olas de calor, el embalse del Quimbo presenta niveles de embalsamiento de agua del 73%, mientras que Betania se mantiene en un 76%.

También se propuso controlar las densidades de siembra. Y dentro de los planes de mitigación frente a una posible afectación de los peces por patógenos, se contempla la activación de protocolos de bioseguridad en las granjas, incluida la vacunación de alevinos.",negativo
2026-08-15,Diario La Nación,Lesión en sismo no implica accidente laboral: MinTrabajo.,"Lesión en sismo no implica accidente laboral: MinTrabajo.

El Ministerio del Trabajo emitió una circular recordando cómo pueden reaccionar las empresas ante la emergencia actual. El trabajo en casa, retiro de cesantías, los accidentes de trabajo, permisos para ausentarse, entre otros temas, son tratados en el documento.

El Ministerio del Trabajo emitió la Circular 0096 del 13 de agosto de 2026, mediante la cual brinda orientaciones laborales, de protección social, seguridad y salud en el trabajo frente a las afectaciones provocadas por el sismo registrado el pasado 10 de agosto.

El Gobierno busca orientar las respuestas laborales ante la emergencia y, según el documento, facilitar “respuestas laborales proporcionales que protejan la vida y la integridad, preserven el empleo y los ingresos, permitan atender situaciones personales y familiares urgentes y favorezcan la continuidad segura de las actividades productivas y de servicios”.

¿A quiénes aplica? La circular está dirigida principalmente a empleadores y trabajadores del sector privado, pero también establece orientaciones para las dependencias territoriales y las inspecciones del Ministerio del Trabajo. Su objetivo es recordar cuáles son las herramientas que ya existen en la legislación laboral y cómo pueden aplicarse frente a una emergencia como la actual.

El principal llamado es a priorizar la vida y la seguridad en los centros de trabajo. Cuando existan daños visibles, evacuaciones preventivas, restricciones de ingreso o circunstancias que hagan necesario verificar la seguridad de una edificación, deberá privilegiarse la integridad de las personas y evitarse la ocupación ordinaria mientras se realizan las evaluaciones correspondientes.

La circular aclara que la identificación de daños estructurales no corresponde a apreciaciones administrativas o laborales, sino a autoridades, profesionales o instancias técnicamente competentes. Por eso, elementos como fisuras o desprendimientos deben ser valorados mediante los procedimientos técnicos correspondientes.

Recuerda que en situaciones como la actual, hay alternativas para laborar, como el trabajo en casa. El Ministerio invita a los empleadores a valorar esta modalidad cuando la naturaleza de las funciones permita desarrollarlas fuera del lugar habitual y cuando sea una opción adecuada para proteger al trabajador, atender situaciones derivadas del desastre o mantener la continuidad de la actividad. El documento subraya que el trabajo en casa no equivale al teletrabajo y que su aplicación debe cumplir los requisitos establecidos en la normativa vigente.

Cuando esta alternativa no sea posible, los empleadores podrán evaluar medidas temporales de organización, como “la redistribución de actividades, la alternancia o ajustes de horarios y turnos”, siempre dentro del marco legal y respetando “la jornada máxima, los descansos, la desconexión laboral y los derechos mínimos e irrenunciables y las materias que requieran acuerdo con el trabajador”.

La circular también aborda las licencias remuneradas por grave calamidad doméstica. El Ministerio recuerda que estas deben concederse cuando exista una situación debidamente comprobada y se cumplan los requisitos legales. Sin embargo, advierte que “el sismo no configura automáticamente grave calamidad doméstica respecto de todos los trabajadores”. Cada caso deberá analizarse “según las circunstancias acreditadas”, como una afectación grave de la vivienda, una situación personal o la necesidad urgente de atender a familiares, entre otras.

De igual manera, los empleadores deberán valorar las razones de “ausencias, retrasos o imposibilidades de comparecencia” cuando estén relacionadas con “restricciones de movilidad, evacuaciones, daños en viviendas, interrupciones del transporte, atención urgente de familiares o instrucciones de las autoridades”. Antes de aplicar medidas disciplinarias, deberán verificarse las circunstancias particulares y garantizarse el debido proceso.

En materia económica, el Ministerio recuerda que los trabajadores pueden solicitar el retiro parcial de cesantías para los fines de vivienda autorizados por la ley. En las zonas afectadas, este mecanismo podrá utilizarse cuando las reparaciones o adecuaciones de una vivienda correspondan a las finalidades permitidas. La circular aclara que no crea una nueva causal para retirar cesantías ni elimina los requisitos que deben acreditarse.

También invita a empleadores y trabajadores a llegar a acuerdos sobre vacaciones. Se podrán programar períodos ya causados y, cuando resulte conveniente para ambas partes, acordar el disfrute anticipado de estos. Este acuerdo deberá quedar por escrito y no modifica las reglas legales de causación del derecho.

De igual manera, contempla licencias no remuneradas o permisos temporales, pero establece que estos deben ser voluntarios y documentados. No pueden imponerse al trabajador ni utilizarse para reemplazar derechos que sí sean obligatorios.

El gobierno también invita a las empresas, con capacidad para hacerlo, a considerar apoyos, así como a anticipar voluntariamente parte de la prima de servicios correspondiente al segundo semestre de 2026.

Frente a la suspensión o terminación de contratos, la circular recalca que el sismo no produce automáticamente estos efectos. La fuerza mayor o el caso fortuito solamente pueden generar la suspensión cuando exista una imposibilidad real, temporal y vinculada con el evento.

En cuanto a los accidentes laborales, “una lesión producida durante el sismo no es automáticamente laboral; deberá establecerse si concurren los supuestos legales y el nexo con el trabajo”, recalcó.",positivo
2026-08-17,Diario del Huila,"Colombia aún tiene 2,37 millones de jóvenes que no estudian ni trabajan.","Colombia aún tiene 2,37 millones de jóvenes que no estudian ni trabajan.

Aunque el desempleo juvenil y la proporción de jóvenes que no estudian ni trabajan muestran una reducción frente a comienzos de 2026, el país mantiene una brecha preocupante. Al cierre del segundo trimestre, 2,37 millones de colombianos entre 15 y 28 años estaban por fuera de las aulas y del mercado laboral, según el Dane.

Colombia cerró el primer semestre con una cifra que muestra una mejoría, pero que todavía plantea un desafío de fondo: 2,37 millones de jóvenes entre 15 y 28 años no estudiaban ni trabajaban al cierre del trimestre móvil abril-junio.

El dato corresponde al más reciente informe del Departamento Administrativo Nacional de Estadística (Dane) sobre el mercado laboral de la población joven. De los 11,1 millones de colombianos que hacen parte de este grupo de edad, el 21,4 % se encontraba en condición de ‘nini’, término utilizado para identificar a quienes no están vinculados al sistema educativo ni participan del mercado laboral.

En términos sencillos, dos de cada diez jóvenes colombianos están hoy por fuera de esos dos espacios fundamentales para su desarrollo .

La cifra, sin embargo, representa una reducción frente al comienzo del año. Entre enero y marzo, los ‘ninis’ representaban el 23,8 % de la población entre 15 y 28 años. En apenas un trimestre, la proporción cayó 2,4 puntos porcentuales.

La mejoría también se refleja en el desempleo juvenil. Entre abril y junio se ubicó en 14,7 %, una reducción de 0,6 puntos porcentuales frente al mismo periodo de 2025, cuando alcanzaba el 15,3 %.

Pero la reducción no significa que el problema esté resuelto.

El reto comienza después de terminar el colegio

Detrás de la estadística hay una generación que enfrenta dificultades para dar el salto hacia la educación superior o conseguir un empleo que le permita construir un proyecto de vida.

Para miles de jóvenes, terminar el bachillerato no representa necesariamente el ingreso inmediato a una universidad, una institución técnica o tecnológica. Tampoco significa encontrar rápidamente un puesto de trabajo.

Es precisamente en ese espacio donde se concentra una parte importante del fenómeno de los ‘ninis’.

La ausencia simultánea de educación y empleo puede convertirse en una condición prolongada, con consecuencias que van mucho más allá de las cifras trimestrales del mercado laboral.

Un estudio del Banco de la República advierte que una elevada proporción de jóvenes en esta condición está relacionada con menores perspectivas de crecimiento económico en el mediano y largo plazo.

El problema, por tanto, no se limita a que un joven no esté trabajando hoy. La preocupación está en lo que puede ocurrir si permanece durante largos periodos desconectado de la educación y de las oportunidades productivas.

El análisis del Banco de la República señala que una proporción significativa de jóvenes inactivos puede profundizar las desigualdades económicas y sociales y afectar su inserción social y productiva, tanto durante la juventud como en etapas posteriores de la vida.

La explicación es sencilla: cuanto más tiempo permanece una persona alejada de los procesos de formación y del mercado laboral, mayores pueden ser las dificultades para adquirir experiencia, desarrollar habilidades y acceder posteriormente a empleos mejor remunerados.

También puedes leer: Informalidad laboral bajó, pero persisten brechas entre distintos grupos en Colombia

También existe un riesgo sobre la pobreza.

La falta de oportunidades puede aumentar la probabilidad de que estos jóvenes permanezcan en condiciones de vulnerabilidad económica o tengan mayores dificultades para superar la pobreza monetaria.

Por eso, aunque la reducción registrada durante el primer semestre constituye una señal favorable, el tamaño de la población que continúa fuera de las aulas y del empleo mantiene abierto un desafío de política pública.

Colombia sigue entre los países con más ‘ninis’

La dimensión del problema se hace todavía más evidente cuando Colombia se compara con otras economías.

De acuerdo con los datos de 2025 utilizados para la comparación internacional, Colombia ocupó el segundo lugar entre los países de la Organización para la Cooperación y el Desarrollo Económico (Ocde) con mayor proporción de jóvenes que no estudian ni trabajan.

Turquía encabezó el listado con 30,9 %, seguida por Colombia con 25,9 % y Costa Rica con 19,9 %.

La diferencia frente al promedio del bloque es considerable. Mientras Colombia registró 25,9 %, la proporción promedio de jóvenes ‘ninis’ en la Ocde fue de alrededor del 14 %.

Esto significa que el indicador colombiano fue casi el doble del promedio de las economías pertenecientes a la organización.

La distancia es todavía mayor frente a países como Noruega y Países Bajos, donde la proporción es aproximadamente cinco veces menor que la registrada en Colombia.

El panorama internacional muestra que el fenómeno no es exclusivo del país, pero sí evidencia que Colombia enfrenta una dificultad particularmente marcada para vincular a sus jóvenes con procesos educativos y productivos.

Los datos del segundo trimestre dejan, entonces, una lectura doble.

Por un lado, hay señales positivas. El desempleo juvenil cayó frente al año anterior y la proporción de ‘ninis’ pasó de 23,8 % en el primer trimestre a 21,4 % entre abril y junio.

La reducción de 2,4 puntos porcentuales significa que la situación ha mejorado en lo corrido del año.

Pero, por otro lado, 2,37 millones de jóvenes siguen sin estudiar ni trabajar .

Esa magnitud impide leer el resultado únicamente como una buena noticia. La discusión debe centrarse ahora en la capacidad del país para sostener la reducción y, sobre todo, para evitar que quienes ya están por fuera permanezcan allí durante periodos prolongados.

El desafío es mayor porque no todos los jóvenes enfrentan las mismas condiciones. Las posibilidades de acceder a educación superior, conseguir empleo formal o desarrollar habilidades para el mercado laboral dependen también del territorio, los ingresos familiares y la oferta disponible.

Por eso, el descenso del indicador debe ser visto como una oportunidad para profundizar las políticas de acceso a educación, formación para el trabajo y generación de empleo juvenil.

Colombia tiene hoy menos ‘ninis’ que, al comenzar el año, pero continúa teniendo una cifra que obliga a mirar más allá del dato positivo.

Detrás de esos 2,37 millones de jóvenes hay millones de trayectorias que todavía no encuentran una puerta de entrada estable a la educación o al trabajo. Y el costo de mantenerlos al margen no es únicamente individual: también puede terminar afectando la productividad, la desigualdad y las posibilidades de crecimiento del país.",negativo
2026-08-17,Diario La Nación,"Tras sismo, Colombia recibe millonarias donaciones de empresarios y gobiernos.","Tras sismo, Colombia recibe millonarias donaciones de empresarios y gobiernos.

Las ayudas económicas anunciadas hasta ahora por empresarios, gobiernos y organismos internacionales suman cerca de $500.000 millones. Sin embargo, solo Cali necesita alrededor de $10 billones, es decir, unas 20 veces más que todo el dinero recaudado.

Tras el terremoto de magnitud 7,4 registrado el pasado 10 de agosto, empresarios, gremios y organismos y gobiernos internacionales comenzaron a movilizar recursos económicos para apoyar la atención de la emergencia y, especialmente, la reconstrucción de las zonas afectadas.

Uno de los mayores fondos anunciados corresponde a la campaña “Empresas Unidas por Colombia”, promovida por la Asociación Nacional de Empresarios de Colombia (Andi), en el marco de su habitual congreso anual. La iniciativa logró recaudar más de $201.637 millones durante el Congreso Empresarial Colombiano, con aportes de más de 100 empresas. “Es una cifra increíble, que nos deja completamente conmovidos con la capacidad de Colombia de reaccionar, de hacer cosas buenas. Si somos capaces de hacer esto, imagínense lo que somos capaces”, dijo el presidente de la Andi, Bruce Mac Master.

De estos, la familia Santo Domingo, que es dueña de El Espectador, canal Caracol, Blu Radio, Cine Colombia, entre otras empresas, donará 100 mil millones de pesos.

Los recursos reunidos por los empresarios serán administrados mediante una fiducia y estarán destinados a atender las secuelas del terremoto y apoyar la reconstrucción de las regiones afectadas.

Dentro de esa movilización empresarial que logró la Andi, también se destaca el aporte de Grupo Argos y el cantante Nicky Jam. Ambos anunciaron una contribución inicial de $13.000 millones para la reconstrucción y mejoramiento de viviendas afectadas por el sismo, mediante la estrategia denominada “Adopta un hogar”. La meta es sumar nuevos aliados y duplicar el fondo hasta alcanzar $26.000 millones. Los recursos estarán dirigidos principalmente a zonas como Chocó, Valle del Cauca y el Eje Cafetero.

Otro aporte que también ha sido reconocido como uno de los más grandes es de Jaime Gilinski y su esposa, Raquel Kardonski, dueños de Semana, quienes anunciaron una donación de $150.000 millones para apoyar la reconstrucción de hospitales y escuelas en Cali, dos tipos de infraestructura clave para la recuperación de la ciudad.

El presidente Abelardo De La Espriella agradeció el gran aporte. “Todo mi agradecimiento y reconocimiento a la familia Gilinski por este extraordinario gesto de solidaridad con Colombia. En los momentos más difíciles se conoce a los mejores ciudadanos”.

Otro aporte individual fue anunciado por el empresario Arturo Calle, quien, junto con la Fundación Arturo Calle, su esposa y sus cuatro hijos, destinó US$500.000 para la reconstrucción de las zonas afectadas. El empresario explicó que el dinero será entregado siguiendo las directrices del Gobierno Nacional y que su propósito será contribuir a la recuperación posterior a la emergencia.

Desde el ámbito internacional también se anunciaron recursos. El chef y filántropo José Andrés anunció una donación de US$1 millón para apoyar la recuperación de pequeños negocios de comida afectados por el terremoto. El dinero será canalizado mediante World Central Kitchen y Long Table Fund, con el propósito de ayudar a establecimientos que necesiten reabrir y recuperar sus fuentes de ingresos.

En cuanto a la banca multilateral, el Banco de Desarrollo de América Latina y el Caribe (CAF) anunció inicialmente una donación de US$500.000 para responder a los daños ocasionados por el sismo y puso a disposición del Gobierno colombiano una línea de crédito de US$50 millones para labores de reconstrucción.

El Banco Interamericano de Desarrollo (BID) informó igualmente de una donación de US$500.000, de los cuales US$350.000 serían entregados de manera inmediata y US$150.000 destinados a asistencia técnica. Además, aprobó una línea de crédito contingente por US$400 millones.

Posteriormente, la CAF anunció un paquete financiero de US$48 millones para la reconstrucción de instituciones educativas en Chocó, Valle del Cauca y otras zonas afectadas. Según explicó su presidente, Sergio Díaz-Granados, se trata de recursos redireccionados para atender directamente las necesidades de infraestructura educativa generadas por el terremoto.

De igual manera, el Banco Mundial anunció US$200.000 para asistencia humanitaria y financiamiento contingente.

Además, varias compañías chinas se han sumado a la noble causa, por ejemplo, la empresa Zijin hizo una donación por valor de 800 millones de pesos, según informó el embajador de China en Colombia,Zhu Jingyang.

De igual manera, el gobierno de ese país hizo una gran contribución en dinero y especie. “China ofrecerá una ayuda financiera de 1 millón de dólares e insumos de asistencia humanitaria por valor de 15 millones de yuanes”, sostuvo el embajador.

Emiratos Árabes donará 10 millones de dólares. Y el gobierno de Estados Unidos 26,5 millones de dólares. La Unión Europea informó que pondrá a disposición de Colombia dos millones de euros.

Hasta ahora, las ayudas solo en dinero ascienden a cerca de 500 mil millones de pesos.

A pesar de las cuantiosas cifras, los aportes se quedan cortos. Solo Cali necesita más de 10 billones de pesos para su reconstrucción, según estimaciones del alcalde Alejandro Eder. Pero 449 municipios adicionales también están afectados, como Pereira, Quibdó, Manizales y Armenia, por citar solo unos.",negativo
2026-08-17,Diario del Huila,Reconstruir Colombia tras el terremoto costaría $20 billones.,"Reconstruir Colombia tras el terremoto costaría $20 billones.

La reconstrucción de Colombia tras el terremoto 7,4 registrado el 10 de agosto de 2026 abrió una discusión sobre los recursos necesarios para reconstruir las zonas afectadas. Según estimaciones preliminares citadas por Portafolio , el esfuerzo inicial podría alcanzar $20 billones , equivalentes a cerca del 1% del PIB , de acuerdo con Munir Jalil , economista jefe de BTG Pactual . El cálculo surge ante los daños reportados en viviendas, hospitales, centros de salud y colegios. Reportes oficiales citados por el medio registraron más de 224 personas que perdieron la vida y 1.246 heridos distribuidos entre Cali, Armenia, Quibdó, Manizales y Pereira .

El primer cálculo para la reconstrucción

Munir Jalil planteó que el Gobierno de Colombia debería disponer inicialmente de recursos equivalentes al 1% del PIB para atender la emergencia y comenzar la reconstrucción. El economista vinculó ese esfuerzo con la necesidad de priorizar el gasto público ante la magnitud de los daños registrados.

El experto también señaló que la reconstrucción podría generar efectos sobre la actividad económica. La ejecución de obras para recuperar hospitales, edificios y otras infraestructuras podría impulsar el producto interno bruto durante el próximo año.

La estimación preliminar contempla una primera etapa de recursos, pero algunos expertos advierten que el costo podría aumentar con el paso del tiempo. El cálculo inicial, por tanto, representa una referencia financiera para la respuesta.

El escenario también plantea ajustes en las cuentas públicas. Tras la devolución del proyecto de Presupuesto presentado por el Gobierno anterior de Gustavo Petro , el nuevo Gobierno de Abelardo De la Espriella deberá incorporar partidas destinadas a la reconstrucción.

Munir Jalil señaló que el presupuesto 2027 podría mantenerse alrededor de $575 billones , aunque tendría que incluir nuevas partidas para responder a la emergencia. La cifra corresponde a una estimación planteada por el economista y no a un presupuesto aprobado.

La respuesta financiera también contempla recursos internacionales. La CAF anunció una donación de US$500.000 para apoyar las necesidades humanitarias derivadas del terremoto. Sergio Díaz-Granados , presidente ejecutivo de CAF , expresó la disposición del organismo para acompañar la recuperación de las zonas afectadas.

También podrías leer: Presupuesto 2027 deberá ajustar sus cuentas fiscales

El Banco Mundial recordó que Colombia dispone desde febrero de 2025 de una línea de crédito por US$200 millones para atender emergencias. La operación corresponde al Cuarto Préstamo para Políticas de Desarrollo sobre Gestión del Riesgo de Desastres , con opción de desembolso diferido ante catástrofes.

El acuerdo identifica la operación con el código P181256 y contempla una comisión de apertura de 0,50% sobre el monto total. El contrato establece mecanismos para convertir la suma entre monedas.

Por su parte, Ilan Goldfajn , presidente del BID , expresó solidaridad con Colombia y anunció financiamiento contingente por US$300 millones para emergencias. También informó sobre US$500.000 en recursos no reembolsables para asistencia humanitaria y evaluación de daños.

La reconstrucción dependerá ahora de la definición de recursos nacionales y de los mecanismos de apoyo internacional disponibles para atender la emergencia y recuperar las zonas afectadas.",negativo
2026-08-18,Diario del Huila,"Inflación en ciudades afectadas por terremoto: Pereira 6,70%, Cali 6,41%.","Inflación en ciudades afectadas por terremoto: Pereira 6,70%, Cali 6,41%.

El terremoto de magnitud 7,4 que golpeó a Colombia el pasado 10 de agosto también abre interrogantes sobre los precios en las ciudades afectadas. La inflación nacional se mantiene por encima del 6%. Según el Dane y el análisis de Anif , Pereira , Armenia y Cali registraban tasas superiores al promedio nacional en julio. Manizales presentaba una inflación anual de 5,83%, por debajo de la media del país. Aún no existe una medición que atribuya al terremoto un impacto específico sobre los precios.

El escenario inflacionario previo al terremoto

Los datos disponibles muestran diferencias significativas entre las ciudades afectadas. En julio, Pereira registró una inflación anual de 6,70%. Esta fue la más alta entre las ciudades mencionadas. Armenia le siguió con una tasa de 6,52%. Cali presentó una inflación de 6,41% en el mismo período. Manizales , por su parte, mostró una variación anual de 5,83%. Esta cifra se ubicó por debajo del promedio nacional de 6,03%.

El panorama nacional mostró una moderación en el ritmo de crecimiento. La inflación anual pasó de 6,14% en junio a 6,03% en julio. Esta desaceleración fue de 11 puntos básicos. La variación mensual del IPC bajó de 0,39% a 0,17%. Este resultado fue inferior al 0,24% observado en julio de 2025.

El dato también sorprendió frente a las expectativas del mercado. La inflación de julio se ubicó por debajo de la mayoría de las previsiones. Los analistas esperaban un nuevo repunte cercano a 6,20%. El resultado interrumpió cuatro meses consecutivos de aceleración. El indicador había pasado de 5,29% en febrero a 6,14% en junio.

Uno de los principales factores del resultado de julio fue el comportamiento de los alimentos. Anif señala que los alimentos y los bienes explicaron 46% de la inflación anual. Durante el mes registraron una desaceleración significativa. Los alimentos fueron el componente que más contribuyó a contener el resultado.

La variación mensual de los alimentos fue de -0,13% en julio. En junio, esta variación había sido de 0,67%. La inflación anual de los alimentos pasó de 6,83% a 5,82%. Su contribución al resultado total fue de 1,1 puntos porcentuales. Los productos perecederos fueron determinantes para esta desaceleración.

La inflación anual de los perecederos pasó de 13,5% a 9,5%. Su aporte al total de alimentos disminuyó de 2,8 a 2 puntos porcentuales. El comportamiento de las frutas frescas también ayudó a moderar la presión. Su contribución pasó de 1,45 a 1,12 puntos porcentuales.

La contribución del plátano bajó de 0,24 a 0,06 puntos. En el caso del tomate, la contribución negativa se profundizó. Pasó de -0,13 a -0,24 puntos porcentuales. Los alimentos procesados también restaron presión, aunque en menor medida. Esto estuvo asociado al café y el azúcar.

El comportamiento de los bienes y los precios regulados

Los bienes mostraron una dinámica similar a la de los alimentos. Su inflación mensual pasó de 0,27% en junio a 0,04% en julio. La variación anual permaneció en 3,2%. Los vehículos nuevos y usados estuvieron entre los principales factores. Estos elementos redujeron la contribución de esta categoría.

También se registraron variaciones negativas en otros bienes. Los precios de bienes para bebés cayeron -2,4%. Los aparatos electrónicos para el cuidado personal bajaron -1,6%. Estos comportamientos ayudaron a contener la inflación general.

El comportamiento fue diferente en los precios regulados. Su contribución a la inflación pasó de 1,1 a 1,2 puntos porcentuales. La inflación anual de esta categoría aumentó de 5,9% a 6,4%. La electricidad fue el principal factor detrás del incremento. Su contribución pasó de 0,03 a 0,12 puntos porcentuales.

La electricidad registró una variación mensual de 2,3%. El gas también aumentó su aporte a la inflación regulada. Ambos servicios ejercieron una presión adicional sobre el indicador.

También puedes leer: Colombia aún tiene 2,37 millones de jóvenes que no estudian ni trabajan

El impacto del terremoto y los nuevos riesgos

La inflación sin alimentos también mostró una señal de presión. Este indicador pasó de 6,0% a 6,1% durante julio. Los servicios redujeron ligeramente su contribución. Pasaron de 3,2 a 3,1 puntos porcentuales. El arriendo imputado y los servicios de telefonía móvil restaron en el cambio.

Para Anif , el resultado de julio debe analizarse con cautela. La pausa en la aceleración responde a factores transitorios. No representa necesariamente un cambio estructural en la trayectoria de los precios. El indicador podría volver a acelerarse en los próximos meses.

El terremoto introduce un nuevo elemento en el escenario económico. La emergencia dejó pérdidas humanas y materiales en varias ciudades. Sin embargo, no existe una medición que atribuya al terremoto un aumento específico. El efecto sobre los precios en Cali , Pereira , Manizales o Armenia aún no ha sido cuantificado.

El fenómeno de El Niño como riesgo adicional

Anif también identifica otro riesgo que podría complicar el panorama. La eventual llegada del fenómeno de El Niño es una preocupación. Durante agosto ya se han presentado registros de temperaturas máximas. Estas se han registrado en regiones del Caribe y el Pacífico colombiano.

La materialización de El Niño podría convertirse en una fuente adicional de presión. Este fenómeno afectaría especialmente los precios de los alimentos. El indicador nacional continúa por encima del 6%. El contexto es complejo y lleno de incertidumbres.

Colombia llegó al terremoto con una inflación anual de 6,03%. El país venía de cuatro meses de aceleración con una moderación puntual en julio. Las ciudades afectadas mostraban comportamientos diferentes. Tres de ellas estaban por encima del promedio nacional.

El reto ahora será observar la evolución de los precios tras la emergencia. Los factores transitorios que ayudaron a contener la inflación podrían no mantenerse. El terremoto, los riesgos climáticos y el comportamiento de los alimentos mantienen el panorama incierto. Los datos disponibles permiten establecer el escenario previo al desastre. Aún no se puede medir el impacto directo del terremoto sobre el costo de vida.",negativo
2026-08-18,Diario La Nación,Vender el Huila como destino depende de la voluntad política: Anato.,"Vender el Huila como destino depende de la voluntad política: Anato.

Paula Cortés Calle es la presidenta ejecutiva de la Asociación Colombiana de Agencias de Viajes y Turismo (Anato). En diálogo con LA NACIÓN y como antesala al Congreso Anual, entregó un panorama del sector y de los retos del Huila.

Presidenta, ¿cómo considera que les fue a las agencias de viaje con el gobierno Petro? ¿Les cumplió?

Durante el gobierno Petro, el turismo también creció. Tuvimos un crecimiento muy importante el año pasado, superior al 10%. Y durante el primer semestre de este año, encontramos una caída general de 3,8% de los visitantes no residentes que están llegando a nuestro país, pero abonado por los colombianos que residen en el exterior, donde tienen una contracción del 10,9%. Esto no es atribuible al gobierno, sino a temas migratorios que han afectado que los colombianos, por ejemplo, que estén en Estados Unidos o en España, lleguen a nuestro país comúnmente.

¿Cuál sería ese mayor aporte que ustedes recibieron mediante el anterior gobierno?

El mayor aporte fue el poder seguir participando en reuniones público-privadas en el gobierno de Gustavo Petro. El presidente siempre, en todas sus interlocuciones, habló del crecimiento del turismo como el segundo renglón de la economía de nuestro país. Habló, incluso, de que iba a superar el petróleo. Pero materializarlo en cuatro años no es una tarea fácil. Y realmente, desde Anato tuvimos toda la apertura que hemos tenido con todos los gobiernos, por lo tanto, no tenemos queja alguna.

¿Cuál sería la deuda más grande que les quedó?

La deuda más grande de la que se pudiese hablar es la informalidad. La seguridad y la informalidad son los dos temas más grandes que quedaron del gobierno pasado, teniendo en cuenta que la seguridad en el país ha venido afectándose en algunos destinos turísticos. Y la informalidad tomó una gran ventaja durante estos cuatro años, porque no hubo un control específico por parte ni de la Superintendencia de Industria y Comercio ni de los otros agentes de control para frenarla y está aproximadamente en un 40%.

Esa informalidad a la que usted se refiere, ¿qué atañe?

En destinos turísticos de gran auge como Cartagena, Santa Marta, incluso Medellín y San Andrés, varias personas naturales y empresas ofrecen servicios turísticos sin estar registradas en el Registro Nacional de Turismo, que es el primer documento que activa la posibilidad de que una persona pueda operar u ofrecer servicios turísticos.

Entonces, encontramos una gran informalidad en los diferentes destinos de operadores que ofrecen y venden paquetes turísticos a través de redes sociales, pero no cumplen con todos los requisitos, generando un riesgo, no solamente para el turista nacional, sino también para el extranjero.

¿A las agencias de viaje también las afectan las viviendas turísticas informales?

Al país en general y a todos los sectores turísticos o gremios turísticos nos afecta la informalidad en cualquier subsector.

La informalidad es uno de los primeros puntos que le hemos comentado al ministro Mauricio Gómez Amín, para ver de qué manera se fortalece el Registro Nacional de Turismo de una manera expedita, sin que genere que los nuevos prestadores puedan de una manera también ágil volverse operadores o prestadores de servicios turísticos, pero sí que cierre de alguna manera esa informalidad en nuestro sector.

¿Qué demandan las agencias del Congreso?

Más promoción internacional a través de ProColombia. Bajar el IVA de los tiquetes aéreos, bajar el IVA de los servicios de alojamiento y de los servicios turísticos. Alivianar los impuestos.

El dólar barato ha venido siendo un dolor de cabeza para ustedes. ¿Un dólar de $2.800 cómo lo tomarían ?

No sería un dólar viable para las agencias. Nosotros ya tuvimos un dólar de $2.800 hace más de 10 años, pero la gran preocupación que tenemos hoy es que la apreciación del peso colombiano se hizo en muy corto tiempo y a unos índices muy altos. Entonces, no hubo acomodación del ingreso del sector. Y no solamente del sector de las agencias de viajes, sino de muchos sectores de exportación de servicios, pues todos estamos en la misma situación. La apreciación del peso fue muy rápida y estamos hoy hablando de un 30% menos que están recibiendo las agencias de viajes por cada dólar que venden.

Pasando al tema local, ¿el gremio hace presencia en Huila?

Tenemos el capítulo central, que es el de Bogotá, y la directora ejecutiva y el gremio hacen desplazamientos en los departamentos, incluido el Huila, pero desconozco claramente qué número de agencias tenemos ahí en el Huila.

¿Cómo hacer que las agencias de viajes a nivel nacional o local vendan al Huila como destino y no lo común que son las grandes capitales y las playas?

Yo siempre he dicho que eso depende mucho del alcalde, el gobernador y los secretarios de turismo. Eso depende de la voluntad política que le pongan al turismo y de que, de verdad, lo quieran llevar a que sea un destino turístico reconocido a nivel nacional. Y por supuesto, que las agencias de viajes también lo tengan dentro de sus productos turísticos. El Huila lo tiene todo. Estamos cerca de Bogotá para atraer los visitantes extranjeros. De hecho, en el informe que tenemos, hay un crecimiento leve del 2% de visitantes extranjeros al Huila en el primer semestre de este año. El movimiento de pasajeros también crece al 2%. Tienen muy buena conectividad aérea, o sea que por conectividad el problema no es. Y tienen 254 agencias de viajes con Registro Nacional de Turismo, o sea empresas; tienen un gran número de empresas en el Huila.

Adicional a eso, también el presupuesto que tengan los departamentos para el turismo es de vital importancia. Depende mucho de esa voluntad política.

El Congreso de Anato, que se realizará el 27 y 28 de agosto en Barranquilla, llega a su trigésima edición con una agenda enfocada en los principales retos y oportunidades del sector turístico colombiano. El encuentro conmemora los 30 años de Anato como organización dedicada a la capacitación y fortalecimiento no solo de las agencias de viajes, sino de todo el sector turístico.

La edición también coincide con los 30 años de la primera Ley de Turismo de Colombia, que estableció un marco regulatorio para la actividad, creó el Fondo Nacional de Turismo y permitió fortalecer la promoción, competitividad e infraestructura turística mediante la parafiscalidad.

El congreso se desarrollará además en un contexto de transición hacia un nuevo Gobierno y de dificultades generadas por el reciente terremoto que afectó destinos turísticos importantes del país. Durante el encuentro participarán representantes de diferentes subsectores, entre ellos alojamiento, parques, bares, restaurantes, agencias de viajes y parques nacionales.

A través de paneles, cada subsector expondrá sus principales problemáticas y necesidades. El objetivo será consolidar un diagnóstico general del turismo en Colombia que posteriormente será entregado al nuevo ministro y viceministro del sector, con propuestas para fortalecer el trabajo conjunto y definir estrategias de desarrollo turístico. –",negativo
2026-08-19,Diario del Huila,"PIB nacional creció 3,5 %, pero el sector agropecuario cayó 2,1 %: así está el panorama para el Huila.","PIB nacional creció 3,5 %, pero el sector agropecuario cayó 2,1 %: así está el panorama para el Huila.

El campo colombiano cerró el segundo trimestre con un resultado negativo, pese a que la economía del país mantuvo un crecimiento. La diferencia entre el comportamiento del café y el resto de los cultivos hace que el resultado tenga una lectura particular para el Huila, donde la actividad agrícola tiene un peso importante y concentra buena parte de la producción rural.

El Producto Interno Bruto de Colombia creció 3,5 % durante el segundo trimestre de 2026 frente al mismo periodo del año anterior, pero el resultado no fue igual para todas las actividades económicas. El sector agropecuario registró una caída de 2,1 %, un dato que adquiere relevancia para el Huila por el peso que tienen la agricultura y la producción cafetera dentro de la economía departamental.

Las cifras preliminares divulgadas por el Departamento Administrativo Nacional de Estadística muestran que el comportamiento del campo estuvo marcado por diferencias entre sus actividades. Mientras el cultivo de café creció 16,4 %, los cultivos agrícolas diferentes al café disminuyeron 5,8 %. En el Huila, estos resultados llegan en medio de inversiones a la renovación de cafetales, fertilización de suelos, infraestructura para el beneficio del café y proyectos de diversificación agrícola.

El crecimiento de 16,4 % registrado por el cultivo de café fue uno de los principales contrastes dentro del sector agropecuario durante el segundo trimestre. La cifra se ubicó por encima del comportamiento general de la agricultura, que terminó el periodo con una variación negativa de 2,1 %.

A estas inversiones se suman proyectos de infraestructura para el manejo y transformación del café. En Gigante avanza una central de beneficio con una inversión de 10.000 millones de pesos, mientras en Pitalito continúa el desarrollo de la Escuela Universitaria del Café.

El comportamiento nacional del café muestra que esta actividad tuvo una dinámica diferente frente a otros componentes del sector. Sin embargo, el resultado general de la agricultura evidencia que la producción rural enfrenta condiciones distintas según el tipo de cultivo y la actividad desarrollada.

Inversión agrícola toma espacio en el departamento

La caída nacional del sector agropecuario ocurre mientras el Huila mantiene recursos dirigidos al campo. En la destinación de un superávit fiscal departamental fueron priorizados 11.900 millones de pesos para el sector agrícola y otros 15.800 millones para la red vial y el mantenimiento de maquinaria.

Los recursos para el sector agrícola se relacionan con las necesidades de producción que tienen los municipios rurales. El comportamiento de los cultivos depende no solo de las condiciones del mercado, sino también de factores como el clima, el acceso al agua, los costos de los insumos y las condiciones de las vías utilizadas para transportar las cosechas.

Durante agosto, las medidas adoptadas en el departamento también han tenido en cuenta periodos de sequía y las condiciones climáticas que pueden afectar las actividades productivas. El seguimiento a estas variables se suma a las inversiones destinadas a fortalecer cultivos y procesos de producción.

La asignación de recursos para infraestructura vial también tiene relación con la actividad agrícola. Una parte de la producción sale de zonas rurales que dependen de corredores secundarios y terciarios para llegar a los centros de comercialización. El estado de estas vías incide en los tiempos de transporte y en los costos que deben asumir los productores.

El panorama nacional muestra, además, que la construcción de obras civiles creció 17,1 % durante el segundo trimestre, aunque el conjunto del sector construcción tuvo un aumento de 2,2 %. Este comportamiento estuvo relacionado con el avance de proyectos de infraestructura.

Más cultivos buscan espacio en las zonas cafeteras

La actividad económica del campo huilense no se concentra únicamente en el café. En zonas tradicionalmente cafeteras también se desarrollan proyectos para ampliar la producción de otros alimentos y generar alternativas para los productores.

Entre estas iniciativas se encuentra la siembra de 2.000 hectáreas de maíz y otras 2.000 hectáreas de frijol, financiadas mediante recursos del Sistema General de Regalías. Los proyectos buscan ampliar la producción agrícola en municipios donde el café tiene una presencia importante.

Estos procesos hacen parte de una actividad agrícola en la que la comercialización tiene cada vez mayor importancia. La producción no termina en la cosecha, pues la transformación, el manejo del producto, la calidad y el acceso a compradores determinan también las posibilidades de los productores para generar ingresos.

Para el Huila, la diversificación representa además una forma de ampliar la oferta del sector rural y reducir la dependencia de una sola actividad. El café continúa siendo uno de los principales productos agrícolas del departamento, pero la producción de maíz, frijol, cacao, frutas y otros alimentos ocupa un espacio dentro de las estrategias de desarrollo del campo.

El crecimiento nacional tuvo varios motores

El resultado del segundo trimestre mostró un crecimiento de 3,5 % en el PIB nacional frente al mismo periodo de 2025. En el primer semestre del año, la economía acumuló un crecimiento de 2,9 %, mientras que frente al primer trimestre de 2026 aumentó 1,3 % en la serie ajustada por efecto estacional y calendario.

La administración pública, defensa, educación y salud fue la actividad que más contribuyó al crecimiento anual. Este grupo registró una variación de 10,0 % y aportó 1,7 puntos porcentuales al resultado nacional.

Las actividades artísticas, de entretenimiento y recreación aumentaron 9,5 %, mientras el suministro de electricidad, gas, agua y saneamiento creció 4,8 %. Las actividades financieras y de seguros registraron un aumento de 4,3 % y la explotación de minas y canteras creció 4,2 %.

El comercio, transporte, alojamiento y servicios de comida aumentó 2,2 %, al igual que la construcción. Las actividades profesionales, científicas y técnicas crecieron 2,6 %, las actividades inmobiliarias 2,1 % y las industrias manufactureras 2,0 %.

En contraste, información y comunicaciones presentó una disminución de 0,1 % y el sector agropecuario fue el que registró uno de los resultados negativos más relevantes, con una caída de 2,1 %.

Dentro de la agricultura también hubo diferencias. La ganadería, avicultura y productos pecuarios aumentaron 1,2 %, mientras la silvicultura y extracción de madera disminuyeron 0,7 %. La pesca y acuicultura tuvo la mayor caída, con una reducción de 36,4 %.

Consumo e inversión impulsaron la economía

Desde el enfoque del gasto, el crecimiento del PIB estuvo acompañado por un aumento del consumo y de la inversión. El gasto de consumo final creció 4,4 % durante el segundo trimestre y aportó cuatro puntos porcentuales a la variación anual.

El consumo de los hogares aumentó 2,8 %, mientras el gasto del Gobierno general creció 12,2 %. La formación bruta de capital, relacionada con la inversión, aumentó 7,1 %.

Dentro de la inversión, la maquinaria y equipo creció 8,9 % y las obras civiles aumentaron 16,5 %. En cambio, la inversión en vivienda y otras edificaciones disminuyó 4,8 %.

Las importaciones crecieron 7,5 %, mientras las exportaciones disminuyeron 1,0 %. El resultado refleja una mayor dinámica de la demanda interna y de la inversión durante el periodo.

Estos datos permiten ubicar el comportamiento del campo dentro de una economía que creció, aunque de manera diferente entre actividades. Para el Huila, el dato de la agricultura tiene una importancia particular debido al peso de las actividades rurales y a la participación del departamento en la producción cafetera nacional.

Primer semestre cerró con crecimiento de 2,9 %

El comportamiento de los primeros seis meses del año también mostró una economía nacional en crecimiento. Entre enero y junio, el PIB aumentó 2,9 % frente al mismo periodo de 2025.

El Indicador de Seguimiento a la Economía registró variaciones de 2,8 % en abril, 3,9 % en mayo y 3,7 % en junio. Mayo tuvo el mayor crecimiento del trimestre.

El DANE también actualizó algunos resultados del primer trimestre a partir de nueva información suministrada por entidades públicas y empresas. La variación anual del PIB para ese periodo se mantuvo en 2,2 %. El gasto de consumo final fue revisado al alza, mientras la formación bruta de capital y las exportaciones tuvieron ajustes frente a las cifras inicialmente publicadas.

El resultado del segundo trimestre deja así un escenario con sectores que avanzaron a ritmos diferentes. El PIB nacional creció 3,5 %, pero la agricultura terminó con una caída de 2,1 %. En medio de ese comportamiento, el café presentó un aumento de 16,4 %, mientras los demás cultivos agrícolas disminuyeron 5,8 %.

Para el Huila, la lectura del resultado está ligada a la importancia del campo y, especialmente, del café. Los recursos destinados a renovación de cultivos, fertilización, infraestructura de beneficio, formación y diversificación se desarrollan en un momento en que el comportamiento nacional del sector agropecuario muestra diferencias importantes entre actividades.

El resultado del DANE corresponde al comportamiento de la economía colombiana y no constituye una medición específica del PIB del Huila. Sin embargo, permite establecer el contexto nacional en el que se mueve el departamento y revisar los sectores que tienen mayor relación con su actividad productiva.",negativo
2026-08-19,Diario La Nación,"Economía colombiana crece 3,5%, ¿qué lo explica?","Economía colombiana crece 3,5%, ¿qué lo explica?

En el segundo trimestre de 2026, el Producto Interno Bruto en su serie original creció 3,5% respecto al mismo periodo de 2025, informó ayer el Dane.

El expresidente Gustavo Petro celebró el dato, resaltando que se trata de un periodo de cuando era gobernante: “Volvimos a tener uno de los mayores crecimientos de las economías de la OCDE”, destacó.

Para el economista, Luis Fernando Mejía, “el crecimiento del gasto público sigue siendo el gran impulsor de la actividad económica en Colombia: sin él, la economía habría crecido apenas 1,5%.

Por su parte, el presidente del Centro de Pensamiento Anif, José Ignacio López subrayó, entre otras cosas, que “la agricultura fue el sector de más bajo desempeño para este trimestre, con una contribución negativa de 0,2 puntos porcentuales y una caída anual de -2,1%, esta caída se le atribuye especialmente por los cultivos agrícolas transitorios y permanentes con productos como el banano, plátano, flores y yuca, entre otros”. Precisamente, al ser Huila un departamento mayormente agrícola, el resultado es una advertencia sobre la salud de su economía.

Con este nuevo dato, el resultado del PIB del país durante el primer semestre muestra un avance de 2,9%, según el Dane.",positivo
2026-08-19,Diario La Nación,La odisea de Huilaland para entrar en operación.,"La odisea de Huilaland para entrar en operación.

Lo que inicialmente estaba estimado en máximo seis meses, se extendió por tres años. Esta es la historia de todos los trámites y tropiezos que tuvo que sortear un empresario para montar y poner en funcionamiento un parque de diversiones en Altamira, Huila.

En medio de sus habituales viajes al Huila, Harold Fabián Cruz comenzó a inquietarse sobre las actividades de esparcimiento a las que se dedicaban en su tiempo libre los niños, niñas y jóvenes del departamento. El interés fue creciendo y, fruto de un comentario de su hijo, decidió que un parque de diversiones sería una gran oportunidad para la región.

Esperanzado en que sería pionero con la apuesta, en 2023 optó por emprender el complejo camino de sacar adelante Huilaland, el primer proyecto de su tipo en el departamento. Los cálculos iniciales le mostraban cómo en tres meses ya estaría recibiendo a sus primeros visitantes, también intuía un gran respaldo local, tanto de la ciudadanía como de las autoridades. Poco de eso se cumplió.

En su diagnóstico del departamento, encontró que para llevar a cabo actividades similares a lo que tenía en mente, los huilenses se desplazaban hasta Piscilago o Bogotá, es decir, había una oportunidad para edificar algo local. “Yo conozco a una persona del Ministerio de Comercio, Industria y Turismo y me dice que el sur del Huila murió en turismo, primero, porque había una sobredemanda de miradores (más de 90), y, segundo, que realmente no había una inversión grande para la diversión de los niños. Yo tengo un hijo de siete años: le pregunté qué hacemos para que los niños no estén aburridos y él me dice que su sueño es que haga un parque de diversión”.

En más de 10.100 metros cuadrados y con una inversión final de dos millones de dólares, su ilusión pasó de castaño a oscuro.

“Inicio todo el proceso buscando las empresas de insumos, materiales y permisos. Y empieza mi viacrucis. El proyecto estaba estimado para seis meses y se demoró tres años. El principal problema fue la electricidad y cumplir los requisitos de seguridad que se requieren para que el parque sea certificado y miembro de la Asociación Colombiana de Parques de Diversiones”, dijo.

También critica que la Alcaldía de Neiva haya autorizado la instalación del Parque de Diversiones y Circo Los Valentinos, que realiza giras itinerantes por diferentes países. “Ellos no le dejan nada a la ciudad porque son un parque de México. Ni impuestos ni empleo”. Se estima que estén en la capital opita durante dos meses.

Y es que entre los documentos que debió tramitar para su parque Huilaland están: el “uso del suelo, Cámara de Comercio, registro ante la Dian, estudios estructurales y de vulnerabilidad, estudios de descargas atmosféricas y pararrayos, registro de instalaciones eléctricas RETIE. Nos tocó comprar cables en Tesla, fueron inspectores y revisaron; pero el parque Los Valentinos simplemente se cuelga de un poste”, rechazó.

“Es más, a nosotros nos piden que ingenieros eléctricos vayan y hagan el diseño, que el diseño pase por unos planos para ser autorizados por Electrohuila, venga una empresa certificada y certifique desde los materiales, para que no haya riesgo de una descarga eléctrica ni riesgo de incendio”, agregó.

Según el empresario, el aspecto eléctrico “fue lo que más se nos dificultó”, resaltó.

“Inicialmente, porque el requisito era que fuera una empresa del Huila. Yo iba a llevar una empresa de Bogotá y ellos dijeron que tenía que ser del Huila. Yo no tuve ningún inconveniente y la contraté. También nos pidieron el permiso de Bomberos y tiene bastantes requisitos de seguridad. Nos piden el concepto de la Secretaría de Salud. Y Sayco y Acinpro”.

En medio del extenso proceso, resalta el papel de la Alcaldía de Altamira: “si no hubiera sido por su apoyo, nunca hubiéramos abierto”.

Caso contrario con otras entidades. “Mi problema ha sido con la falta de apoyo al empresario. En general, el departamento no tiene identidad”.

Habiendo logrado superar todos los tropiezos, hoy este parque está abierto al público, cuya entrada cuesta $10 mil.

“Hacemos nuestra apertura el 6 de junio de este año con una buena acogida y empezamos a trabajar todo el tema de sensibilización de las personas. En este momento somos un parque legal, certificado y con pólizas”.

Harold Fabián Cruz es otro de los empresarios que ha criticado las grandes dificultades del Huila para invertir, así como lo hizo en días pasados Steven Salme quien cerró Obsesión Vallenata y reabrió el debate sobre qué tan fácil es invertir y hacer empresa en la región. Para el empresario, “el Huila no avanza y no se desarrolla, precisamente, por la misma gente”.",negativo
2026-08-20,Diario La Nación,"Para evitar apagón, “es fundamental una mayor generación térmica”.","Para evitar apagón, “es fundamental una mayor generación térmica”.

De acuerdo con XM, operador energético, se requieren “acciones inmediatas”. Los colombianos están consumiendo más energía de la que el sistema puede realmente ofertar.

Mediante un boletín energético de edición especial, XM, operador del Sistema Interconectado Nacional y administrador del Mercado de energía mayorista de Colombia, intensificó las alertas de un probable apagón en el país debido al mayor consumo de energía y la menor oferta disponible a razón de diversos factores.

En nuestro país, el 79.74% de la generación de energía eléctrica es producto de recursos renovables, mientras que el 20.26% restante, de recursos no renovables.

De los renovables, la fuente de energía con mayor contribución es la generación hidráulica con un 88.08% durante junio. Donde las plantas hidráulicas con embalses son las mayores aportantes, seguido de las plantas filo de agua (aquellas que no poseen embalse o si lo poseen, su tiempo de vaciado es menor o igual a día).

El operador recalca la intensidad del fenómeno de El Niño (menos lluvias), cuya probabilidad de que sea muy fuerte es del 95%. Será “de categoría muy fuerte”, agregó el exministro de Minas y Energía, Amylkar Acosta, además señaló que hay un 69% de probabilidad “de ser el más fuerte de la historia registrada desde 1950”.

Esa es una señal crítica. Pero hay otras más, por ejemplo, debido a las menores lluvias, los aportes hídricos registran tres meses consecutivos por debajo de la media histórica, condición que se espera se mantenga para los siguientes meses de acuerdo con los pronósticos climáticos. Mientras que ya se han registrado valores máximos históricos en la demanda de energía eléctrica desde mayo de 2026.

Desde el mes de junio, los aportes actuales se ubican por debajo de la hidrología histórica y es considerada la más crítica registrada a la fecha, correspondiente al evento El Niño 2015-2016.

De igual manera, el volumen útil de los embalses completa seis semanas por debajo de la senda de referencia.

El operador hace una proyección con horizonte de una semana, bajo el supuesto de que se mantengan los aportes observados durante la última semana, y allí los resultados indican que la generación térmica requerida para la semana en curso se ubica alrededor de 95 GWh/día.

Además, los requerimientos de generación térmica sostenida aumentan a 100 GWh/día por periodos superiores a 9 meses para hidrológicas deficitarias.

En suma, “bajo el supuesto de hidrologías estocásticas correlacionadas con variable climática, se encuentran series para las cuales no sería posible cumplir con los índices de confiabilidad”. Es decir, “el sistema requiere acciones inmediatas para preservar la confiabilidad en la atención de la demanda. Es fundamental materializar una mayor generación térmica en la operación en tiempo real”.

XM entrega varias conclusiones y recomendaciones.

Indica que para condiciones hidrológicas deficitarias extremas se requiere una operación sostenida del parque térmico cercana a 100 GWh/día en promedio semanal durante períodos que podrían durar más de 9 meses, lo que implica fortalecer y maximizar las medidas orientadas a asegurar la disponibilidad de recursos, combustibles e infraestructura necesarios para la atención de la demanda de energía eléctrica. Esta condición hace necesario implementar medidas que garanticen la disponibilidad de los recursos de generación para que operen a los valores de sus OEF, reducción y gestión de demanda, disponibilidad de combustibles e infraestructura requerida para asegurar una atención confiable y segura de la demanda de energía eléctrica.

De otra parte, señala que los resultados del análisis de mediano plazo evidencian que los embalses para la generación de energía operarían por debajo de su mínimo histórico y por ende varios incursionarían por debajo de sus mínimos históricos. “Esta situación representa un riesgo significativo para la atención confiable y segura de la demanda eléctrica, debido a la incertidumbre asociada a la capacidad de producción de las plantas hidráulicas con niveles de almacenamiento tan reducidos y de su recuperación en caso de extenderse la condición de aportes deficitarios que afecten la senda de invierno”.

Los resultados del análisis energético con horizonte de una semana, bajo el supuesto de que se mantengan los aportes observados durante la última semana, “indican que la generación térmica promedio requerida para la semana que inicia debería ubicarse en niveles que alcanzan valores de 95 GWh/día. Resulta fundamental materializar una mayor generación térmica en la operación en tiempo real, con el fin de mitigar la pérdida de reservas y fortalecer la confiabilidad del SIN”.

Los colombianos cada vez están consumiendo más energía. Solo durante junio, la demanda de energía fue de 7,300.75 GWh, lo que significa que aumentó 6.55% en comparación con el consumo nacional de junio de 2025; y en lo corrido del año el aumento ha sido del 5.94%. Cabe resaltar que, de las diez regiones del país, la que tuvo mayor consumo de energía durante junio fue Caribe.",negativo
2026-08-20,Diario del Huila,"Dólar cae a $3.032, su nivel más bajo desde octubre de 2018.","Dólar cae a $3.032, su nivel más bajo desde octubre de 2018.

El dólar tocó un precio mínimo de $3.032, un nivel no visto desde octubre de 2018. La Tasa Representativa del Mercado (TRM) se ubicó este jueves en $3.053 . La divisa estadounidense continúa su tendencia bajista en el mercado local. Comisionistas de bolsa atribuyen la caída a la entrada de remesas y ayudas internacionales. El terremoto del 10 de agosto estaría impulsando la revaluación del peso colombiano.

Remesas y ayudas internacionales presionan la tasa de cambio

Las remesas hacia Colombia alcanzaron US$6.675 millones durante el primer semestre de 2026. Esta cifra representa un incremento del 2,7% frente al mismo periodo de 2025. En ese entonces, el monto llegó a US$6.495 millones . El promedio mensual de remesas se ubica en US$1.112 millones . Los analistas esperan un aumento en los meses de agosto y septiembre. Las familias en el exterior envían más recursos para atender la emergencia. David Cubides , economista jefe del Banco de Occidente , explicó los factores clave. “La monetización de los recursos de las ayudas puede presionar la tasa”, aseguró. Las remesas disparadas también contribuyen a la caída del dólar.

Las ayudas internacionales confirmadas ascienden a US$47,96 millones. Un total de 25 países han destinado recursos para la emergencia. Estados Unidos es el mayor donante con US$26,5 millones . Emiratos Árabes Unidos aportó US$10 millones. Italia contribuyó con US$4,5 millones . La entrada de estos dólares al país fortalece la revaluación. Los recursos externos se suman a las remesas familiares. Todo esto genera una presión bajista sobre la tasa de cambio. La tendencia podría llevar el dólar hasta los $2.900 .

Tasas de interés y petróleo impulsan la revaluación

El Banco de la República mantiene tasas de interés altas frente a otros bancos centrales. Esta situación atrae flujos de inversión extranjera hacia Colombia . Omar Suárez , gerente de renta variable de Aval Casa de Bolsa , respaldó esta visión. “Las tasas del Banco de la República siguen bastante altas”, afirmó el analista. Esto atrae flujos de portafolio al país. El conflicto en Medio Oriente también juega un papel determinante. Las tensiones geopolíticas impulsan los precios del petróleo. Colombia recibe más dólares por sus exportaciones de crudo. Todos estos factores consolidan una tendencia revaluacionista del peso.

El escenario internacional camina en la misma dirección. El índice DXY , que mide la fortaleza del dólar, cayó significativamente. Pasó de 101,7 a 98,9 puntos en los últimos dos meses. Santiago Martínez , analista de monedas de Visión Davivienda , explicó el fenómeno. “Menores expectativas sobre incrementos de la tasa de la FED ” influyen en la caída. El mayor deterioro fiscal en EE.UU. también debilita la moneda. La tendencia bajista del dólar podría mantenerse en el corto plazo. Valeria Álvarez , head de Estrategia en Itaú Comisionista de Bolsa , fue más contundente. La debilidad del DXY profundiza las valorizaciones de las monedas regionales. El peso colombiano podría tocar la barrera de los $2.800 este año. “Con la ruptura de $3.000 se abre la puerta a $2.900 y $2.800 ”, señaló Álvarez . La euforia en los mercados impulsaría una revaluación importante. El panorama dependerá de la evolución de los factores internacionales.",positivo
2026-08-20,Diario del Huila,Asofondos recuerda que las cesantías pueden usarse para la reparación de viviendas afectadas.,"Asofondos recuerda que las cesantías pueden usarse para la reparación de viviendas afectadas.

Asofondos recordó a los trabajadores afectados por el terremoto del 10 de agosto que pueden acceder a sus cesantías para reparar sus viviendas. El gremio también informó sobre el auxilio funerario disponible para los afiliados de Colfondos , Porvenir , Protección y Skandia . Los fondos de pensiones y cesantías tienen dispuestos todos sus canales para atender las solicitudes. Andrés Velasco , presidente de Asofondos , reiteró la solidaridad del sector con las víctimas. «Nuestros afiliados pueden acceder a herramientas concretas», afirmó el dirigente gremial. Las cesantías son recursos propios de cada trabajador para usos específicos. El mejoramiento y la reparación de vivienda son usos permitidos por la ley.

La magnitud de la afectación en viviendas

La Unidad Nacional para la Gestión del Riesgo de Desastre (UNGRD) entregó un balance devastador. En las regiones afectadas se registran 134.342 viviendas averiadas por el sismo. Además, 29.554 viviendas quedaron completamente destruidas. El censo también reporta 267 edificios colapsados en diferentes municipios. Las autoridades continúan evaluando los daños en la infraestructura. «Queremos decirles a nuestros afiliados que ahí están sus cesantías», aseguró Velasco . Los trabajadores formales cuentan con esta protección como uno de sus mayores beneficios. El presidente de Asofondos invitó a los afectados a dirigirse a su fondo. Los recursos pueden utilizarse para la reparación total o parcial de las viviendas.

Los fondos de cesantías agilizarán los trámites para atender la emergencia. Las administradoras buscan facilitar el acceso a los ahorros de los trabajadores. El sector gremial está dispuesto a responder con celeridad. «Esperamos ayudarles en estos momentos de gran dificultad», afirmó el presidente. Las solicitudes no requieren de tramitadores ni pagos a terceros. Los trámites son sencillos y ágiles para los afiliados.

El procedimiento para retirar las cesantías

El retiro de cesantías para reparación de vivienda requiere varios pasos. El trabajador debe presentar una solicitud escrita a su empleador. El empleador debe autorizar el retiro de los recursos. El afiliado debe tener a la mano su cédula de ciudadanía. También necesita el certificado de libertad y tradición del inmueble. La carta de autorización del empleador es otro requisito indispensable. Todos estos documentos se entregan al fondo de cesantías. Colfondos , Porvenir , Protección o Skandia reciben la solicitud. Una vez aprobada, el fondo efectúa el desembolso en pocos días.

Auxilio funerario: un respaldo para las familias

Asofondos también recordó el auxilio funerario para los afiliados. Este beneficio aplica en caso de fallecimiento de un afiliado o pensionado. Quien haya asumido los gastos funerarios puede acceder a este auxilio. El monto se calcula con base en el último ingreso cotizado. También se toma la última mesada pensional según el caso. El valor está entre cinco y diez salarios mínimos legales mensuales vigentes . El auxilio busca brindar un respaldo económico en el momento del duelo.

También puedes leer: Colombia se hunde en el ranking mundial de paz

Los familiares deben presentar la solicitud ante el fondo de pensiones del fallecido. El formulario de solicitud debe estar debidamente diligenciado. El registro civil de defunción es un documento obligatorio. La factura de los gastos funerarios debe incluir el detalle de servicios. El documento de identidad del reclamante también es necesario. Se requiere una certificación bancaria para el depósito del auxilio. Si aplica, se necesita la autorización de los herederos.

Asofondos trabaja para incorporar nuevas medidas que faciliten los trámites. El sector espera responder con la celeridad debida. «Toda nuestra disposición en momentos en que el país debe estar unido», concluyó Velasco . Las recomendaciones incluyen acudir a los puntos de atención oficiales. Los canales oficiales de los fondos ofrecen orientación personalizada.",positivo
2026-08-21,Diario del Huila,El Niño mata más de 340 reses en el Huila.,"El Niño mata más de 340 reses en el Huila.

345 animales muertos, 1.037 desplazados y 173.611 hectáreas afectadas dejan hasta ahora los efectos del fenómeno climático en el departamento. A nivel nacional, las pérdidas del sector ganadero ya llegan a $47.000 millones, con 9.865 animales muertos y más de 333.000 bovinos y bufalinos desplazados.

La ganadería huilense ya siente con fuerza el golpe del fenómeno de El Niño. Entre el 1 de junio y el 1 de agosto, 345 animales murieron y otros 1.037 tuvieron que ser desplazados , mientras 173.611 hectáreas resultaron afectadas por las condiciones climáticas adversas.

El balance, consolidado por la Oficina de Estudios Económicos de la Federación Colombiana de Ganaderos, FEDEGÁN , muestra además que la emergencia se extiende por 37 municipios del departamento , desde el sur hasta el norte y el occidente del territorio.

No se trata solamente de tierras afectadas. Para los productores, la pérdida de animales representa un golpe directo a su patrimonio y a su capacidad de producción. A esto se suman los costos que genera movilizar el ganado hacia lugares donde pueda encontrar mejores condiciones de alimentación y disponibilidad de agua.

La situación hace parte de un panorama mucho más amplio. En 15 departamentos del país, las condiciones climáticas extremas han provocado la muerte de 9.865 animales , el desplazamiento de 333.228 bovinos y bufalinos y afectaciones en más de 2 millones de hectáreas dedicadas a la actividad ganadera.

El impacto económico ya alcanza los $47.000 millones , según el gremio.

La cifra de animales muertos es quizá la expresión más dramática de la emergencia.

En el caso huilense, son 345 bovinos que los productores perdieron en apenas dos meses . A nivel regional, el departamento forma parte de una Región Andina que acumula 858 animales muertos, 12.057 desplazados y 478.314 hectáreas afectadas.

El número de muertes también permite dimensionar la magnitud del impacto frente a otros territorios. Aunque la Costa Caribe concentra la mayor cantidad de animales fallecidos, el Huila aparece entre los departamentos andinos con mayor afectación.

Pero la muerte de ganado es solo una parte del problema.

Cuando las condiciones del terreno y la disponibilidad de alimento y agua dejan de ser suficientes, los productores se ven obligados a movilizar sus animales. En este caso, 1.037 bovinos han tenido que ser desplazados , lo que implica asumir gastos adicionales de transporte, manutención y búsqueda de nuevos lugares para mantener los hatos.

La presión también se refleja en la superficie afectada. Las 173.611 hectáreas incluidas en el balance dan cuenta de la magnitud territorial del fenómeno.

El mapa de afectación muestra que el problema no está concentrado en una sola zona.

El reporte incluye a Acevedo, Agrado, Altamira, Elías, Garzón, Gigante, Guadalupe, Isnos, La Argentina, La Plata, Nátaga, Oporapa, Paicol, Palestina, Pital, Pitalito, Saladoblanco, San Agustín, Suaza, Tarqui, Tesalia, Timaná, Aipé, Algeciras, Baraya, Campoalegre, Colombia, Hobo, Íquira, Neiva, Palermo, Rivera, Santa María, Tello, Teruel, Villavieja y Yaguará .

La extensión de la lista revela que la emergencia tiene presencia en distintas zonas productivas y geográficas.

Para los ganaderos, esto significa que las dificultades no se limitan a un episodio puntual. El deterioro de las condiciones productivas termina afectando el inventario de animales, la disponibilidad de alimento y la capacidad de mantener la producción.

Y cuando mueren animales o deben ser trasladados, la consecuencia económica aparece de inmediato.

$47.000 millones que ya perdió la ganadería

El problema que enfrenta el Huila ocurre en medio de una crisis que está golpeando las cuentas de los ganaderos en todo el país.

FEDEGÁN calcula que las pérdidas acumuladas entre el 1 de junio y el 1 de agosto ascienden a $47.000 millones .

De ese total, $27.000 millones corresponden a los animales muertos .

Otros $11.000 millones representan la producción que se dejó de generar en carne, leche y derivados lácteos , mientras que $9.000 millones corresponden a los costos de desplazamiento del ganado .

La suma evidencia que el daño no termina cuando un animal muere.

Un productor que pierde ganado reduce su capacidad de producción futura. El que debe trasladarlo tiene que asumir nuevos costos. Y quien ve disminuir la producción de leche o carne enfrenta menores ingresos.

Es un efecto en cadena que golpea directamente la rentabilidad de las explotaciones ganaderas.

José Félix Lafaurie Rivera, presidente ejecutivo de FEDEGÁN, señaló que los productores han tenido que afrontar un año especialmente complejo.

También puedes leer: Dólar cae a $3.032, su nivel más bajo desde octubre de 2018

“Este año los ganaderos colombianos hemos tenido que afrontar situaciones difíciles y casi imposibles de controlar por cuenta de inundaciones, verano extremo y el terremoto en el occidente del país. En esta ocasión El Niño nos ha golpeado muy duro: son miles de familias y empresas ganaderas afectadas en 15 departamentos. Es la mitad del territorio”, manifestó.

La Costa Caribe concentra las mayores pérdidas

La dimensión nacional de la emergencia muestra que las condiciones climáticas están golpeando de manera distinta a cada región.

En la Costa Caribe, el intenso verano ha provocado la mayor cantidad de muertes.

Cesar registra 2.376 animales muertos; La Guajira, 2.206; Sucre, 1.638, y Magdalena, 1.359.

En total, los departamentos de Cesar, La Guajira, Bolívar, Sucre, Atlántico y Magdalena acumulan 8.508 animales muertos, 127.648 desplazados y 975.844 hectáreas afectadas .

Óscar Cubillos Pedraza, director de la Oficina de Estudios Económicos de FEDEGÁN, explicó que el fuerte verano es el principal factor detrás de las pérdidas en estos departamentos.

El escenario contrasta con lo que ocurre en otras regiones del país, donde el exceso de lluvias se convirtió en el principal enemigo de los productores.

En los Llanos Orientales, la emergencia no se explica por la sequía, sino por las abundantes lluvias.

Allí, las inundaciones han obligado a movilizar enormes cantidades de ganado y han dejado extensas áreas bajo el agua.

En Meta murieron 96 animales, 1.810 fueron desplazados y 8.002 hectáreas resultaron afectadas .

En Arauca, los productores tuvieron que desplazar 24.702 bovinos , mientras las hectáreas afectadas llegaron a 17.767 .

La situación más crítica se encuentra en Casanare. Allí fueron desplazados 167.011 animales y las áreas afectadas alcanzaron 216.374 hectáreas .

En conjunto, Meta, Arauca y Casanare reportan 96 animales muertos, 193.523 desplazados y 242.143 hectáreas afectadas .

“En los Llanos Orientales el impacto ha sido por la abundante lluvia. En este caso, más que la muerte de bovinos y bufalinos, la afectación ha sido por las hectáreas afectadas y el desplazamiento de animales”, explicó Cubillos.

La diferencia entre las regiones deja una conclusión clara: no existe una sola emergencia climática para la ganadería colombiana.

En unos territorios falta agua. En otros, sobra. Pero en ambos escenarios los productores terminan pagando las consecuencias.

Caquetá supera las 500.000 hectáreas afectadas

La Amazonía presenta otro de los balances más preocupantes.

En Caquetá se reportaron 403 animales muertos y 502.316 hectáreas afectadas . El consolidado no registra información sobre animales desplazados.

Los municipios incluidos en el reporte son Albania, Belén de los Andaquíes, Cartagena del Chairá, Curillo, El Doncello, El Paujil, Florencia, La Montañita, Milán, Morelia, Puerto Rico, San José del Fragua, San Vicente del Caguán, Solano, Solita y Valparaíso .

La superficie afectada convierte a este departamento en uno de los principales focos de la emergencia en materia territorial.

Al sumar los diferentes balances regionales, el país supera ampliamente los 2 millones de hectáreas afectadas , mientras la cifra de animales muertos se acerca a las 10.000 cabezas.

El impacto sobre la ganadería no puede medirse únicamente contando animales muertos.

Las condiciones climáticas también afectan la disponibilidad de pastos, el peso del ganado, la producción de leche y las posibilidades de mantener los animales en los predios habituales.

Por eso, el dato de los $11.000 millones que se dejaron de producir en carne, leche y derivados lácteos resulta clave para entender la dimensión económica de la emergencia.

La muerte de un animal representa una pérdida inmediata. Pero la disminución de la producción puede prolongarse mientras las condiciones que afectan los predios no mejoren.

Más de 333.000 bovinos y bufalinos han tenido que ser movilizados en los 15 departamentos incluidos en el balance. Esto representa un enorme esfuerzo logístico para los productores y aumenta los costos de una actividad que ya enfrenta dificultades.

El panorama también evidencia la vulnerabilidad del sector frente a fenómenos climáticos extremos.

La ganadería necesita agua, alimento y condiciones mínimas para mantener los animales. Cuando alguno de esos elementos falla, las consecuencias aparecen rápidamente en la producción y en los ingresos de los productores.

El balance nacional permite dimensionar el lugar que ocupa el departamento dentro de esta emergencia.

Los 345 animales muertos representan una parte importante de las pérdidas registradas en la Región Andina. Las 173.611 hectáreas afectadas también constituyen una proporción considerable de las 478.314 hectáreas impactadas en esta zona del país.

Pero más allá de las comparaciones, el dato que deja la alerta es la amplitud de la afectación territorial: 37 municipios incluidos en el reporte.

La actividad ganadera enfrenta así un escenario que combina pérdidas de animales, desplazamiento de bovinos y afectación de las áreas productivas.

Y mientras el país acumula casi 10.000 animales muertos y $47.000 millones en pérdidas , los productores huilenses afrontan su propio balance: cientos de animales perdidos, más de mil desplazados y una superficie productiva seriamente afectada.

El fenómeno de El Niño ya no es, por tanto, una amenaza futura para el sector ganadero. Las cifras muestran que el golpe ya llegó al campo y que, en el Huila, ya se cuenta en animales muertos, ganado desplazado y pérdidas para quienes viven de la actividad pecuaria.",negativo
2026-08-21,Diario del Huila,El Huila produce más de 19.000 toneladas de fríjol al año.,"El Huila produce más de 19.000 toneladas de fríjol al año.

Más de 4.000 familias huilenses dependen del cultivo de fríjol, una actividad que mantiene al departamento entre los principales productores del país. Antioquia concentra buena parte del destino de la producción, mientras asociaciones de municipios como El Pital avanzan en tecnificación y transformación de esta leguminosa.

El Huila busca consolidar la cadena productiva de granos y leguminosas, un renglón en el que el fríjol ocupa un lugar destacado. El departamento se mantiene entre los principales productores del país, detrás de Cundinamarca y Boyacá, con una producción anual superior a las 19.000 toneladas.

En las zonas frías del departamento se cultivan, de manera tecnificada, variedades como el fríjol bola roja y el negro. En regiones de mayor temperatura, en cambio, se siembra el cargamanto, una variedad que suele consumirse verde.

Buena parte de la producción huilense tiene como destino el mercado de Antioquia, uno de los principales consumidores de este alimento en el país. Por ahora, el fríjol producido en el departamento no se exporta, debido a que la totalidad de la producción se destina al consumo nacional.

Para conocer el panorama de la producción de esta leguminosa en el departamento, Diario del Huila dialogó con Óscar Eduardo Trujillo, secretario de Agricultura y Minería del Huila.

El funcionario explicó que desde la administración departamental se viene trabajando en la consolidación de la cadena de granos y leguminosas, en la que el fríjol es uno de los productos más importantes.

“Venimos trabajando en la consolidación de una cadena especialmente de granos y leguminosas, donde el fríjol es uno de nuestros principales productos. De hecho, el Huila siempre ha estado dentro de esos primeros lugares en cuanto a producción de esta leguminosa”, afirmó.

Trujillo indicó que esta cadena ha tenido poca visibilidad y que el propósito es fortalecerla para garantizar el crecimiento de la producción y mejorar las condiciones de los cultivadores.

El departamento, además, se ha consolidado como uno de los referentes nacionales en la producción de alimentos, con un papel importante en la seguridad alimentaria.

En café, por ejemplo, el Huila registra una producción superior a los 2,5 millones de sacos de 60 kilos, equivalentes al 19,65 % de la cosecha nacional, además del reconocimiento por la calidad de su grano.

En el sector piscícola, el departamento alcanzó una producción de 87.864 toneladas de carne de pescado y se mantiene como el principal productor del país, con una participación cercana al 37 %.

En cuanto al fríjol, la producción supera las 19.000 toneladas anuales y representa el sustento de más de 4.000 familias huilenses.

“En la actualidad se están generando más de 19.000 toneladas en la región al año y son más de 4.000 familias las que dependen de este cultivo, sin desconocer que es un producto básico que hace parte de la canasta familiar de los colombianos”, señaló el secretario.

El Huila trabaja en este renglón junto con la Federación Nacional de Cultivadores de Cereales, Leguminosas y Soya, Fenalce, con el propósito de fortalecer la cadena productiva y avanzar en la organización de un clúster alrededor de este alimento.

Una de las apuestas es lograr que las organizaciones de productores puedan participar en las compras públicas locales.

“La idea es que estas organizaciones incluyan esta leguminosa en las compras públicas locales, teniendo en cuenta que es un producto de primera calidad”, resaltó Trujillo.

También puedes leer: Dólar cae a $3.032, su nivel más bajo desde octubre de 2018

Antioquia, uno de los principales destinos

El diagnóstico realizado sobre la cadena productiva permitió establecer que un porcentaje importante del fríjol cultivado en el Huila se comercializa en Antioquia.

“En la caracterización y diagnóstico que realizamos, nos dimos cuenta de que un gran porcentaje del fríjol lo están consumiendo en el departamento de Antioquia, sin desconocer que los paisas, por tradición, son grandes consumidores de este alimento”, explicó el funcionario.

Hasta el momento, la producción huilense no se exporta a otros países, pues el volumen generado se destina al mercado interno.

Históricamente, los municipios con mayor vocación para el cultivo de fríjol en el departamento han sido Colombia, La Plata, Santa María y El Pital . En menor proporción, también se registra producción en San Agustín, Íquira y Neiva.

El fortalecimiento de la cadena también pasa por la tecnificación y la transformación del producto.

Funcionarios de la Secretaría de Agricultura visitaron la Asociación de Productores de Fríjol del Pital, Huila – Macizo Colombiano, ASFRIPHMAC , cuyos integrantes han incorporado nuevas tecnologías tanto en los procesos productivos como en el beneficio y transformación de la leguminosa.

Luz Perly Pizo, junto con su familia, parientes y amigos, hace parte de esta organización que continúa apostándole al fríjol pese a la variabilidad climática.

La asociación no solo trabaja en el cultivo. También ha desarrollado productos derivados de la leguminosa, entre ellos brevas rellenas con arequipe de fríjol, chícharos de fríjol —un tipo de confite similar a una albóndiga—, además de arepas, bizcochos y tortas elaboradas por las integrantes de la organización.

La Gobernación del Huila lideró el proyecto “Fortalecimiento técnico para la transformación de productos agropecuarios de los sectores cafetero y cerealero mediante la dotación de activos productivos a pequeños y medianos productores en el departamento del Huila” , financiado con recursos por $1.774.750.504.

Con esta iniciativa se benefició a nueve asociaciones de productores de fríjol, entre ellas ASFRIPHMAC, cuyos integrantes recibieron máquinas empacadoras y bolsas rotuladas con sus respectivos códigos de barras y registros sanitarios.

En Santa María, por ejemplo, unas 360 familias , principalmente de la zona alta del municipio, dependen de la producción de esta leguminosa.

De manera reciente, Fenalce firmó un convenio de asociación con la Gobernación de Cundinamarca para desarrollar el programa “Fortalecimiento para una producción de fríjol sostenible en agrosistemas sustentables en el departamento de Cundinamarca” .

El acuerdo busca aunar esfuerzos entre la Secretaría del Agrocampesinado de Cundinamarca y la Federación para fortalecer la producción sostenible de fríjol y mejorar los sistemas productivos de ese departamento.

La inversión total asciende a $1.143 millones , de los cuales la Gobernación de Cundinamarca aportará $800 millones y Fenalce $343 millones.

La Federación también ha desarrollado iniciativas para atender las necesidades de pequeños productores afectados por las condiciones climáticas y los precios de los granos.

Como parte de estos programas, Fenalce entregó 8.400 kilos de semillas mejoradas de maíz y 25.000 kilos de semillas mejoradas de fríjol caupí en diferentes zonas del país.

Las entregas se realizaron mediante los proyectos “Fomento a la siembra de maíz como alternativa de rotación y asocio sostenible en agrosistemas sustentables” y “Fomento al cultivo de fríjol caupí en la pequeña agricultura familiar y comunitaria de la Costa Caribe colombiana”.

En total, fueron distribuidos 33.400 kilos de semillas entre 1.670 pequeños agricultores de nueve departamentos: Córdoba, Sucre, Bolívar, Cesar, Huila, Tolima, Atlántico, Magdalena y La Guajira .

Fenalce también hizo un llamado urgente al Gobierno nacional y a las autoridades departamentales y municipales para reforzar los protocolos de atención y activar ayudas destinadas a los productores y familias afectadas por los incendios forestales registrados en Tolima.

La emergencia ha puesto en riesgo cultivos, viviendas y a cientos de familias que dependen económicamente de la siembra de cereales y leguminosas.

Entre las zonas afectadas se encuentran San Luis, Payandé, Guamo, El Espinal, Chicoral e Ibagué. Según información reportada por la Gobernación del Tolima el 12 de agosto, 36 incendios permanecían activos.

Mientras tanto, el Huila continúa fortaleciendo otros renglones productivos emergentes, como el limón Tahití, el aguacate Hass y la minería de rocas calcáreas y fosfóricas, que se suman a sectores tradicionales como el café, el cacao, la panela, el arroz, la ganadería y la piscicultura.

En ese panorama, el fríjol busca ganar mayor visibilidad como uno de los cultivos que no solo aporta a la economía rural y al sustento de miles de familias huilenses, sino que también tiene un lugar permanente en la mesa de los colombianos.",positivo
2026-08-21,Diario La Nación,Colombia a la espera de que Trump baje a 0% los aranceles.,"Colombia a la espera de que Trump baje a 0% los aranceles.

Las conversaciones entre los gobiernos de Colombia y Estados Unidos apuntan a una reducción en los aranceles, ojalá a cero. AmCham valora la gestión del Ministro de Comercio. En Huila, los piscicultores serán los más beneficiados.

Las conversaciones que han sostenido los gobiernos de Colombia y Estados Unidos sobre un Acuerdo sobre Comercio Recíproco han despertado mucha expectativa en nuestro país y en sus exportadores. Los acercamientos, con miras a una reducción de los aranceles y un apoyo más fuerte desde ese país, son una de las necesidades apremiantes, máxime en medio de la tragedia de gran magnitud debido al terremoto del pasado 10 de agosto.

Desde antes de la posesión del presidente Abelardo De La Espriella, el Gobierno de los Estados Unidos ha manifestado su intención de mejorar los lazos comerciales con Colombia. Una vez en el cargo, el ‘Tigre’ sostuvo una conversación con Donald Trump y acercamientos con altos funcionarios del gobierno. Así como el ministro de Comercio, Mauricio Gómez Amín.

Ayer, el Ministerio de Comercio dio puntadas que permiten inferir que pronto habría buenas noticias para los exportadores colombianos cuyo mercado sea Estados Unidos y estén cobijados con el arancel del 12,5%. Por ejemplo, uno de esos casos son los piscicultores, el segundo producto que más exporta el Huila hacia dicho país.

Ayer jueves, el representante Comercial de Estados Unidos, Jamieson Greer, señaló que el terremoto constituye un desafío temprano y difícil para el Gobierno del presidente De La Espriella y reiteró el compromiso de la USTR de fortalecer los vínculos económicos y comerciales entre ambos países. Asimismo, destacó los avances alcanzados en varios asuntos comerciales de larga data y manifestó su confianza en que ambos equipos podrán alcanzar importantes resultados trabajando conjuntamente.

“En USTR, estamos comprometidos a fortalecer nuestros lazos económicos y comerciales, incluso mediante la pronta negociación de un Acuerdo sobre Comercio Recíproco, y confío en que lograremos mucho”, anunció.

Ante lo cual, el ministro Gómez Amín agradeció las expresiones de solidaridad y respaldo y destacó la disposición de Colombia para acelerar la agenda comercial.

“Colombia valora profundamente esta expresión de solidaridad y, al mismo tiempo, mira hacia adelante. Las situaciones extraordinarias requieren soluciones extraordinarias, y creemos que este es un momento para avanzar con agilidad y determinación”.

Gómez Amín reiteró que Colombia está lista para trabajar con Estados Unidos en la negociación de un acuerdo que genere beneficios concretos para ambas naciones.

En relación con los mensajes entre Colombia y Estados Unidos acerca del diálogo para un Acuerdo Recíproco en materia comercial, la presidenta de la Cámara Colombo Americana, AmCham Colombia, María Claudia Lacouture, es optimista.

“Valoramos el mensaje de solidaridad y respaldo del Representante Comercial de Estados Unidos tras el terremoto y su disposición de avanzar en la agenda comercial. También valoramos la gestión del Gobierno, bajo el liderazgo del ministro Mauricio Gómez Amín, para reducir aranceles, una tarea de gran importancia para abrir oportunidades en medio de la tragedia que vive el país y brindar alivio al sector exportador. Colombia es un aliado confiable que aporta a la seguridad hemisférica y fortalece cadenas de suministro resilientes para Estados Unidos”, afirmó ayer la dirigente gremial.

Sin embargo, algunos congresistas han criticado que, no obstante la afinidad del ‘Tigre’ con Trump, eso todavía no da frutos.

Por ejemplo, el senador del Pacto Histórico, Alex Xavier Flórez Hernández, recordó cómo desde que llegó al Gobierno, “Abelardo De La Espriella no ha hecho más que defender los intereses de Estados Unidos por encima de los de Colombia, arrodillarse ante ese país y ceder soberanía. Y tanta sumisión no le ha servido de nada. Pidió que suspendieran los aranceles por el terremoto y le respondieron que se siente a negociar un acuerdo de “comercio recíproco”. Ni siquiera en medio de una tragedia consiguió de sus supuestos aliados el alivio que pidió”, afirmó ayer.

Efectivamente, el presidente De La Espriella ha buscado que los aranceles sean levantados y se lo ha dicho, por ejemplo, al secretario de Estado, Marco Rubio. El pasado martes 18 de agosto informó: “Tuve una muy fructífera conversación telefónica con el secretario de Estado de los Estados Unidos, Marco Rubio. Le reiteré mi solicitud para que sean suspendidos temporalmente los aranceles que afectan a los productos colombianos. Hay que surtir un trámite para lograrlo y existe toda la disposición por parte del Gobierno de los Estados Unidos para avanzar en ese propósito”.

El 15 de agosto ya había hablado también con el presidente Donald Trump, entre los temas figuraron los aranceles. “También le pedí que considerara la suspensión temporal de los altos aranceles que afectan a los productos colombianos, con el fin de aliviar a nuestros empresarios, que están enfrentando momentos muy difíciles por los efectos del terremoto”, dijo el Presidente.

Un análisis de la Cámara Colombo Americana detalla que más del 25% de la canasta exportadora de nuestro país hacia EE.UU. está con el recargo impuesto por ese país.

El estudio concluye que el 20,8% de la canasta exportadora colombiana está sujeta al arancel del 12,5%, mientras que otro 6,8% corresponde a productos que continúan bajo el régimen de la Sección 232 de Estados Unidos, con tratamientos diferenciados según el tipo de mercancía.",positivo
2026-08-22,Diario del Huila,ANIF plantea subir temporalmente el IVA para financiar reconstrucción.,"ANIF plantea subir temporalmente el IVA para financiar reconstrucción.

El presidente de ANIF, José Ignacio López , planteó la posibilidad de aumentar temporalmente un punto el IVA para obtener recursos destinados a la reconstrucción tras el terremoto.

La propuesta surgió durante el 13° Foro de Energía de Andeg y no representa la primera opción del centro de estudios. López insistió en que el Gobierno debería agotar otras alternativas antes de acudir a un incremento tributario.

ANIF propone revisar primero el gasto público

Ante las necesidades que dejó el terremoto, ANIF considera prioritario buscar recursos dentro del presupuesto nacional y mejorar la eficiencia del gasto.

También puede interesarte: Incendios forestales mantienen en alerta roja a 73 municipios de Colombia

Entre las alternativas mencionadas aparecen la reorganización del gasto, obras por impuestos, obras por regalías y aportes voluntarios . El objetivo consiste en atender la emergencia sin crear de inmediato una nueva carga para los contribuyentes.

López explicó que las cuentas fiscales tienen poco margen para asumir nuevos compromisos. ANIF calcula que el déficit fiscal podría llegar al 7 % u 8 % del PIB durante este año, según las estimaciones conocidas por el centro de estudios.

Un punto adicional de IVA sería una medida temporal

El presidente de ANIF señaló que, si las demás fuentes resultan insuficientes, el Gobierno podría considerar una sobretasa temporal de un punto en el IVA .

La propuesta tendría carácter excepcional y debería contar con un plazo definido para evitar que una medida creada por la emergencia termine convertida en un impuesto permanente.

López recordó que Colombia ya tuvo una experiencia similar después del terremoto del Eje Cafetero , cuando un gravamen creado para atender la emergencia terminó extendiéndose en el tiempo.

Reconstrucción enfrenta un escenario fiscal complejo

La discusión tributaria ocurre mientras el país enfrenta presiones sobre sus finanzas públicas. ANIF estima que el ajuste fiscal necesario podría alcanzar cerca de tres puntos del PIB .

El centro de estudios también plantea revisar los recursos destinados al funcionamiento del Estado y algunos rubros clasificados como inversión. Según sus cálculos, entre 30 % y 40 % de algunos recursos registrados como inversión no corresponderían estrictamente a ese concepto.

Para leer: MinTrabajo deroga 11 circulares laborales expedidas durante el gobierno Petro

Además, ANIF propone revisar la focalización de los subsidios para dirigir los recursos hacia los hogares y sectores que realmente necesitan apoyo.

ANIF pide evitar una nueva carga permanente

La propuesta sobre el IVA no constituye una recomendación inmediata de ANIF. López señaló que primero deben agotarse las opciones relacionadas con el gasto público y otras fuentes de financiación.

El eventual aumento de un punto tendría como propósito atender las necesidades de la reconstrucción y tendría que contar con una vigencia limitada.

De esta manera, la discusión sobre el IVA queda condicionada a la capacidad del Gobierno para conseguir recursos por otras vías y afrontar el impacto fiscal generado por el terremoto.",negativo
2026-08-22,Diario La Nación,Empezó el desmonte de derechos laborales: CUT sobre cambios del ‘Tigre’.,"Empezó el desmonte de derechos laborales: CUT sobre cambios del ‘Tigre’.

Mientras el gremio de los comerciantes celebra la eliminación de varias circulares del MinTrabajo que se dieron tras la reforma laboral de Petro, la CUT rechaza la actuación, calificándola de “una grave señal de retroceso”.

No ha caído bien en los sindicatos y otros sectores la decisión de la ministra del Trabajo, Natalia Eugenia López Fuentes, quien, a través de una revisión jurídica y de técnica normativa, retiró once circulares expedidas entre septiembre de 2025 y julio de 2026, argumentando que hace “parte de un proceso institucional de depuración, actualización y fortalecimiento de sus instrumentos administrativos”.

La representante a la Cámara por el Pacto Histórico, María Fernanda Carrascal, dijo que esas circulares “establecían lineamientos para proteger derechos de los y las trabajadoras”. Y en esa misma línea, el Comando Nacional Unitario, integrado por la CUT, la CGT y las confederaciones de pensionados CPC y CDP, rechazó la decisión de la ministra. “Empieza el desmonte de los derechos laborales y las garantías sindicales por parte del gobierno de Abelardo De La Espriella”. Las circulares del gobierno anterior fueron expedidas para “garantizar derechos laborales y limitar y restringir al máximo todos los abusos de los empresarios”.

De otro lado, el sector empresarial ha aplaudido la decisión del gobierno del ‘Tigre’. Por ejemplo, Jaime Alberto Cabal, vocero de la Federación Nacional de Comerciantes (Fenalco), señaló: “Valoramos positivamente esta rápida decisión de la nueva ministra de Trabajo. Las medidas que impactan a los empleadores deben tener sustento legal y respetar estrictamente las competencias de cada autoridad. La seguridad jurídica es fundamental para generar confianza, proteger el empleo y promover la formalidad”, señaló el vocero de los comerciantes.

El Ministerio aseguró que “la derogación de estas circulares no modifica, reduce ni elimina los derechos de los trabajadores. Estos continúan plenamente protegidos por la Constitución, la ley, los reglamentos y la jurisprudencia vigente. La derogación no suspende las funciones del Ministerio ni afecta los trámites en curso”.

Deroga la circular externa 0101 del 22 de septiembre de 2025, cuyo objetivo fue dar lineamientos generales para el cumplimiento de disposiciones normativas sobre jornada de trabajo, jornada de los servicios domésticos, jornada máxima en casos de remuneración a destajo, relación de horas extras, límite al trabajo suplementario (horas extra) y remuneración en descanso obligatorio. Todo a partir de la reforma laboral del expresidente Gustavo Petro (Ley 2466 de 2025). Fue expedida para empleadores, organizaciones sindicales, trabajadores, direcciones territoriales del Trabajo, oficinas especiales, coordinadores de grupo de inspectores de trabajo y la seguridad social, entidades del sector público y ciudadanía en general.

Asimismo, la circular interna 0120 de 2025, sobre lineamientos para el trámite de autorización de despido de trabajadores, servidores públicos o contratistas con estabilidad laboral u ocupacional reforzada por discapacidad o por condiciones de salud.

También la circular 0031 del 17 de marzo de 2026, para empleadores, contratantes de todas las actividades económicas y actores del mundo del trabajo. Que estableció lineamientos técnicos del cuidado en el ámbito laboral para la promoción de la equidad de género y la corresponsabilidad social, con base en el Convenio 156 de la OIT, la política pública de trabajo digno y decente, el Conpes del cuidado 4143 de 2023, la ley 2297 de 2023 y la reforma laboral de Petro.

Además, la circular externa 0032 del 25 de marzo de 2026, que iba dirigida a gobernadores, alcaldes, secretarios de despacho, jefes de oficina, entidades descentralizadas, empresas industriales y comerciales del Estado y organizaciones sindicales. La cual emitía lineamientos sobre el respeto al derecho de libertad sindical, otorgamiento de permisos sindicales y cumplimiento de acuerdos y convenciones colectivas.

De igual manera, la circular 0040 del 16 de abril de 2026, que orientaba a empleadores, trabajadores y demás actores del sector de vigilancia y seguridad privada, sobre la jornada laboral, trabajo suplementario y registro de horas extra en el sector de vigilancia y seguridad privada. Lo anterior, conforme a la ley que reduce de forma gradual la jornada laboral (2101 de 2021) y la reforma laboral de Petro.

Incluso, la circular 0048 del 22 de mayo de 2026, que contenía lineamientos generales sobre el debido proceso disciplinario laboral y la terminación de contratos con justa causa. Recuerda que la reforma estableció un procedimiento mínimo de obligatorio cumplimiento, por lo que entra a detallar paso a paso cuál es el debido proceso disciplinario. Estaba dirigida a empleadores, trabajadores, organizaciones sindicales, direcciones territoriales del Trabajo, oficinas especiales, coordinadores de grupo de inspectores de trabajo y la seguridad social, y ciudadanía en general.

También la circular interna 0049 del 22 de mayo de 2026, que establece lineamientos para el trámite de autorización de terminación del vínculo laboral en casos de estabilidad laboral reforzada por discapacidad o condiciones de salud. Estaba con destino a direcciones territoriales, oficinas especiales, coordinadores de grupo e inspectores de Trabajo y Seguridad Social.

Además, la circular 0057 del 6 de julio de 2026, mediante la cual se trazaron lineamientos respecto a principios del derecho laboral colombiano y modalidades de contratos laborales. Estaba dirigida a empleadores, trabajadores, organizaciones sindicales, direcciones territoriales del trabajo, oficinas especiales, coordinadores de grupo de inspectores de trabajo y la seguridad social, y ciudadanía en general.

Asimismo, la circular 0086 del 29 de julio de 2026, sobre la inspección, vigilancia y control de trabajo en plataformas digitales de reparto. Buscaba instruir a los inspectores de trabajo y seguridad social para realizar actividades de inspección, vigilancia y control en vía pública y verificar el cumplimiento de los derechos laborales y sociales de los trabajadores digitales en servicios de reparto.

De igual manera, la circular 0088 del 29 de julio de 2026 dirigida a gobernadores, alcaldes, representantes legales de entidades y organismos públicos, organizaciones sindicales de empleados públicos, federaciones y confederaciones. La cual establece lineamientos sobre la conformación del pliego único de solicitudes y la integración de la comisión negociadora sindical bajo el principio de proporcionalidad en la negociación colectiva cuando las organizaciones sindicales no lleguen a un pleno acuerdo.

Y finalmente, la circular 0089 del 29 de julio de 2026, sobre la inspección para el trabajo doméstico remunerado, cuyo objetivo era orientar los lineamientos técnicos que los inspectores del trabajo y la seguridad social deberían aplicar para realizar las labores de inspección, vigilancia y control.",neutral
2026-08-23,Diario del Huila,Gobierno De la Espriella logra acuerdo bancario para bajar tasas.,"Gobierno De la Espriella logra acuerdo bancario para bajar tasas.

El presidente Abelardo De La Espriella anunció un acuerdo con los principales grupos financieros del país para ofrecer créditos de vivienda al 8 % efectivo anual a los damnificados por el terremoto del 10 de agosto, tras una reunión en Barranquilla.

El mandatario convocó una reunión extraordinaria en la sede de la Presidencia en Barranquilla . Asistieron los líderes de los grupos financieros más poderosos del país. Luis Carlos Sarmiento , del Grupo Aval , participó en el encuentro. También estuvieron Jaime Gilinski y Gabriel Gilinski , propietarios del Banco GNB Sudameris . Alejandro Santo Domingo , Fuad Char , Juan Carlos Mora , César Caicedo y Miguel Cortés completaron la mesa de negociación. Cortés preside el Grupo Bolívar , al que pertenece Davivienda .

Los bancos que aceptaron la medida y las condiciones

El Grupo Aval , el Grupo Bolívar y el Banco GNB Sudameris asumieron el compromiso. Los empresarios aceptaron mantener la tasa del 8 % durante toda la vigencia del préstamo. La medida busca facilitar la recuperación habitacional. Las entidades deberán divulgar cómo implementarán el beneficio. También informarán cuáles líneas de financiación estarán incluidas.

La información oficial precisa que el beneficio no aplica a obligaciones hipotecarias vigentes. El anuncio está dirigido a damnificados que accedan a financiación nueva. Cada banco presentará las condiciones especiales para los créditos. La tasa del 8 % será efectiva anual durante todo el préstamo.

El precedente de Bancolombia antes de la reunión

Bancolombia había dado un paso importante antes del encuentro. La entidad anunció más de $5 billones en nuevas financiaciones. Los recursos están dirigidos a personas, empresas y entidades territoriales. Los departamentos beneficiados incluyen Chocó , Risaralda , Caldas , Quindío , Valle del Cauca , Cauca , Tolima y el suroeste antioqueño.

En el caso de Bancolombia , la tasa del 8 % comenzó a aplicarse el 25 de agosto. La oferta comprende vivienda nueva o usada, urbana o rural. Los créditos pueden ser hipotecarios o mediante leasing habitacional. La medida podría beneficiar a cerca de 7.000 familias . Bancolombia también estableció una tasa del 10 % para créditos de consumo y microcréditos. Adicionalmente, ofrecerá líneas de financiación para empresas y entidades territoriales.

La reunión de Barranquilla dejó otro compromiso importante. El Gobierno y los empresarios visitarán el Chocó el próximo 7 de septiembre. El objetivo es diseñar un plan integral de recuperación, inversión y transformación del departamento. La visita buscará articular esfuerzos públicos y privados.

También puedes leer: ANIF plantea subir temporalmente el IVA para financiar reconstrucción

La alianza entre el Gobierno y el sector financiero es clave para la reconstrucción. La tasa del 8 % representa un alivio significativo para los damnificados. Las familias afectadas por el terremoto podrán acceder a vivienda. La medida también dinamizará la economía en las regiones afectadas.

Los bancos participantes deberán publicar los detalles de su oferta. Los damnificados podrán consultar las condiciones en cada entidad. La transparencia en la implementación será fundamental. El éxito del acuerdo dependerá de la divulgación oportuna de la información.",positivo
2026-08-23,Diario del Huila,Gobierno De la Espriella podría reactivar fracking sin Congreso.,"Gobierno De la Espriella podría reactivar fracking sin Congreso.

El nuevo Gobierno colombiano evalúa una ruta jurídica para impulsar el fracking sin depender de una decisión del Congreso, según el análisis de un experto en la materia.

El fracking volvió al centro del debate energético nacional tras el cambio de administración. El Gobierno de Abelardo De la Espriella analiza la viabilidad de reactivar la exploración en yacimientos no convencionales sin esperar una nueva ley. La discusión jurídica se basa en que no existe una prohibición expresa en el ordenamiento. El abogado José Vicente Zapata , socio de Holland & Knight , explicó que el marco regulatorio sigue vigente. La actividad está habilitada por el Decreto 3004 de 2013 y la Resolución 90341 de 2014 .

El marco jurídico vigente y la sentencia del Consejo de Estado

La validez de estas normas fue ratificada por el Consejo de Estado . La alta corte emitió una sentencia el 7 de julio de 2022. El fallo negó una demanda que buscaba anular los decretos. El tribunal consideró que los actos correspondían a reglamentos técnicos. Determinó que la actividad no está prohibida por la ley. Este precedente jurídico es clave para la nueva administración.

El escenario actual contrasta con la postura del gobierno anterior. La administración de Gustavo Petro radicó un proyecto para prohibir la técnica. La iniciativa es el Proyecto de Ley 011 de 2026 . Fue presentado en el Senado el 20 de julio de 2026. Busca establecer un régimen de transición para contratos. Sin embargo, su existencia no implica una prohibición vigente. La discusión sobre la prohibición corresponde al Congreso.

El camino legal para reactivar el fracking sin el Congreso

Zapata fue contundente al responder sobre la capacidad del Ejecutivo. El nuevo Gobierno no necesitaría esperar al Congreso. Puede impulsar una política de reactivación dentro del marco existente. “La habilitación efectiva depende de la ejecución de una política pública”, afirmó el experto. Agregó que no existe una ley que prohíba la exploración. La diferencia es clave para la estrategia del Gobierno. Para prohibir se necesita una decisión legislativa. Para impulsar, basta con la regulación vigente.

De la Espriella ha defendido esta postura públicamente. El presidente insiste en el respeto a las normas ambientales. “No se hará nada por fuera de la norma ambiental”, aseguró el mandatario. La estrategia busca fortalecer la producción de hidrocarburos. También apunta a garantizar la seguridad energética del país.

Los pasos que debe seguir el Gobierno para la reactivación

El experto identificó cuatro pasos necesarios para avanzar. Primero, reactivar los instrumentos regulatorios existentes. Segundo, definir criterios con el desarrollo científico reciente. Tercero, actualizar los requisitos técnicos, ambientales y sociales. Cuarto, garantizar autorizaciones oportunas de las autoridades.

Varias entidades jugarán un papel determinante en el proceso. La Agencia Nacional de Hidrocarburos (ANH) supervisará los proyectos. La Autoridad Nacional de Licencias Ambientales (ANLA) otorgará los permisos. Los proyectos deben cumplir con licencias ambientales rigurosas. También requieren permisos sectoriales y participación ciudadana. Cuando corresponda, se debe surtir la consulta previa. Este proceso aplica con comunidades étnicas.

El presidente ha reiterado su compromiso con el Estado de derecho. Abelardo De la Espriella sostiene que el desarrollo será legal. El mandatario asegura que el sector minero-energético es prioritario. La reactivación del fracking podría tomar tiempo. Existe un proceso regulatorio entre la decisión y la operación. La ruta jurídica está trazada y depende de la voluntad política.",positivo
2026-08-24,Diario del Huila,"Inflación en Colombia subió a 6,17 % en agosto, la más alta en dos años.","Inflación en Colombia subió a 6,17 % en agosto, la más alta en dos años.

La inflación en Colombia retomó su tendencia al alza en agosto de 2026 con una variación mensual del Índice de Precios al Consumidor (IPC) de 0,32 %, según un informe de Corficolombiana , lo que llevó la inflación anual a 6,17 %, su nivel más alto en dos años.

El equipo de investigaciones económicas de Corficolombiana presentó su informe mensual. El indicador de precios había mostrado desaceleración en los primeros siete meses. Sin embargo, agosto marcó un punto de inflexión. Las presiones provienen de varios frentes económicos. Los servicios públicos, los alimentos y los bienes explican el aumento. La inflación anual alcanzó el 6,17 %, el nivel más elevado desde 2024.

El comportamiento de los servicios y los precios regulados

El informe de Corficolombiana detalla el comportamiento de los servicios. El IPC de servicios registró una inflación mensual de 0,31 %. Esta cifra supera el 0,26 % de agosto de 2025. Los arrendamientos explican parte del incremento con un alza de 0,31 %. Los servicios indexados al salario mínimo también presionaron el indicador. Comidas fuera del hogar, cuotas de administración y servicio doméstico subieron de precio.

La inflación anual de servicios aumentó de 6,96 % a 7,02 %. Este sector muestra una presión constante. Los hogares colombianos sienten el impacto en su presupuesto mensual. El costo de vida sigue aumentando en las ciudades principales.

Los precios regulados tuvieron un comportamiento similar. La variación mensual proyectada es de 0,60 %. El año anterior, en agosto de 2025, esta cifra fue negativa (-0,21 %). Las tarifas de electricidad y agua explican el aumento. El incremento se ha mitigado parcialmente por la reducción en las tarifas de gas.

La inflación anual de regulados subió de 6,44 % a 7,31 %. Este sector completa seis meses consecutivos de aceleración. El nivel actual es el más alto desde noviembre de 2024. Los servicios públicos se han convertido en un factor determinante.

El impacto en los bienes y las perspectivas económicas

El IPC de bienes presenta un panorama mixto. La variación mensual esperada es de 0,09 %. Los productos farmacéuticos y artículos de limpieza impulsaron este incremento. Sin embargo, la apreciación del peso colombiano modera otros precios. Los vehículos, electrodomésticos y celulares han reducido sus costos.

El informe de Corficolombiana concluye con perspectivas para el resto del año. La inflación seguiría subiendo y podría llegar al 7 % al cierre de 2026. El escenario económico presenta desafíos para el Gobierno Nacional . El Banco de la República podría reconsiderar su política monetaria.

También puedes leer: Gobierno De la Espriella logra acuerdo bancario para bajar tasas

Los analistas económicos siguen de cerca estos indicadores. La meta de inflación del Banco de la República sigue siendo un objetivo lejano. El aumento de los servicios públicos afecta a todos los hogares. El costo de vida se ha incrementado significativamente.

La apreciación del peso ofrece un alivio parcial en bienes importados. Sin embargo, los servicios y regulados mantienen su tendencia al alza. El panorama para el consumidor final es complejo. La inflación continuará siendo un tema central en la agenda económica.",negativo
2026-08-24,Diario La Nación,¿Está impactando la caída del dólar al turismo en Huila?,"¿Está impactando la caída del dólar al turismo en Huila?

El debilitamiento del dólar frente al peso colombiano tiene contra las cuerdas a los sectores exportadores del país y al turismo. Diversos voceros explican las razones.

Cada vez se están necesitando menos pesos colombianos para comprar dólares estadounidenses. Para este fin de semana, la Tasa de Cambio Representativa del Mercado fue de 3.048 pesos, lo cual es casi mil pesos menor a lo que se requería hace un año para comprar un dólar ($4.008). Además, la divisa alcanzó el nivel más bajo en más de 7 años. En términos muy generales, la coyuntura representa una época dorada para los sectores importadores de nuestro país, pero, también vacas flacas para los exportadores.

Esto impacta significativamente los ingresos de los exportadores colombianos cuando convierten los dólares percibidos por sus ventas a pesos colombianos.

El panorama, lamentablemente, también está pasando factura en Huila. Sectores como el turismo y todos los subsectores que comprende se están viendo contra las cuerdas.

Los expertos han analizado este comportamiento de la moneda colombiana frente al billete verde, así como el comportamiento frente a las monedas de los países vecinos, el cual es atípico.

De acuerdo con Valeria Álvarez, head de Estrategia en Itaú Comisionista de Bolsa, “los sectores más afectados son el sector de agricultura y el minero energético. Con una tasa de cambio que hace que los ingresos puedan ser un poquito más bajitos para esos sectores que, por supuesto, son claves en términos de exportación”.

La caída se detendría. A futuro, economistas como Álvarez estiman que habrá un efecto rebote. Aunque es imposible predecir el precio del dólar, en un panorama próximo se podría ver un repunte, por ejemplo de $3.300 o $3.400, “todavía no hay un fundamental muy claro”, subrayó.

Natalia Alejandra Ortiz, secretaria de Desarrollo Económico y Turismo, afirmó que en el Huila ya se siente el golpe de la caída del dólar frente al peso.

“Sí. Esta coyuntura ha afectado al Huila y particularmente al turismo internacional. Como se puede identificar, si el dólar baja, encarece las experiencias turísticas para el visitante extranjero frente a otros destinos de la región, lo cual representa un reto directo para nuestra estrategia de atraer viajeros internacionales hacia el Macizo Colombiano; San Agustín y el corredor turístico del departamento”.

Sin embargo, el fortalecimiento del peso colombiano frente al billete verde también deja ganadores, anotó la funcionaria.

“Hay que mencionar que algunos operadores y empresarios, que trabajan con importaciones, con servicios tecnológicos, se van a beneficiar, porque los costos de importación van a disminuir y los costos operativos disminuyen”, explicó la secretaria de Turismo.

Por ejemplo, hay más posibilidades para las agencias de turismo que venden destinos internacionales, es decir, es más atractivo salir del país. “Las agencias que venden destinos internacionales también se van a ver beneficiadas, porque vamos a empezar a ofertar esos paquetes más económicos y personas del departamento y de Colombia van a poder hacer turismo extranjero”, dijo la secretaria.

Por eso, para la funcionaria, este efecto “no es uniforme ni completamente negativo. Golpea al departamento del Huila, pero desde la Secretaría continuaremos acompañando a los prestadores de turismo del departamento para adaptar estrategias comerciales y que esto contribuya positivamente al sector y a que podamos seguir con nuestro compromiso de posicionar al Huila, un paraíso por descubrir”.

En realidad, eso no es todo. Hay otros efectos colaterales que tendrán incidencia en la economía regional. Tal es el caso de los cafeteros, uno de los principales renglones económicos de la región y la funcionaria es consciente de ello.

“Obviamente, también es importante mencionar el tema cafetero, que también se va a ver impactado por la baja de los insumos, pero también la baja del precio de sus productos al exportar”, anotó. “Entonces, seguimos trabajando y organizando acciones en conjunto para poder atender a todos los sectores”, concluyó.

La alerta del sector turismo ha sido liderada desde los gremios. La Asociación Colombiana de Agencias de Viajes y Turismo (Anato) reiteró el mes pasado que la rápida apreciación del peso colombiano frente al dólar se traduce en un balde de agua fría no solamente para las agencias colombianas que venden paquetes de turismo a los extranjeros, es decir, exportan sus productos, sino para toda la cadena.

“El turismo receptivo es una exportación de servicios que genera divisas y distribuye ingresos en hoteles, transporte, gastronomía, guías, artesanos y comunidades”, resaltó Paula Cortés, presidenta de Anato.

De acuerdo con el gremio, el turismo receptivo, es decir, el que hace que lleguen personas a Colombia, opera bajo una asimetría cambiaria estructural: el 100% de los ingresos se perciben en dólares y otras divisas fuertes; mientras que la totalidad de los costos de operación: hotelería, transporte, alimentación, guianza, logística y nómina, se pagan en pesos colombianos. Esta naturaleza exportadora expone a las empresas colombianas de manera directa a la volatilidad de la Tasa Representativa del Mercado (TRM). Al no poder trasladar este costo a los contratos internacionales vigentes, las Agencias Receptivas formales deben absorber el desequilibrio financiero.

Con base en este comportamiento, el sector formal proyectó sus presupuestos de comercialización sobre un escenario cambiario estimado en $3.800 COP/USD. Sin embargo, como se mencionó al inicio, la divisa estadounidense ha mantenido una tendencia a la baja continua, que imposibilita una planificación financiera certera. Esta persistente apreciación del peso ha superado cualquier previsión realista, obligando a las Agencias Receptivas a operar y cumplir las reservas previamente pactadas con márgenes de rentabilidad negativos.

Por eso, el gremio ha solicitado al nuevo Gobierno Nacional revisar medidas temporales para atender la situación que enfrentan las Agencias de Viajes Receptivas DMC, como consecuencia de la apreciación del peso y del incremento de sus costos operativos.

Para Fabián Mauricio Cortés, presidente de la Asociación de Desarrollo Económico y Turístico del Huila, “el sector turístico está en ascuas”.

El empresario trajo a colación que si bien algunos analistas estiman que el dólar se va a mover entre los $3.200 y los $3.500, hay otros más conservadores que insisten en que la moneda pueda caer hasta los $2.700.

“Si esto último se cumple, el peso colombiano se fortalece demasiado y eso, aunque suene bonito en los titulares, para nosotros es una pésima noticia. Al viajero internacional que quiere venir a conocer el Desierto de la Tatacoa, el Parque Arqueológico de San Agustín o el Páramo de Miraflores le sale muchísimo más caro”.

En ese escenario, “Colombia, y especialmente el Huila, pierde competitividad frente a otros países de la región”.

En la Asociación observan “con lupa lo que está pasando con nuestros hermanos del campo. El precio bajo del dólar ya está golpeando a los cafeteros, a los piscicultores y a los cacaoteros”. Y esta compleja situación puede hacer que las personas quieran salir a protestar por la caída en sus ingresos.

“Lamentablemente, ya hemos visto este guion antes: año tras año, cuando la economía del agro se complica, las carreteras del Huila se convierten en el escenario de protestas y bloqueos. Y para el turismo, un cierre de vía es retraso, cancelación masiva de reservas y una mancha en la imagen del departamento que nos cuesta meses limpiar”.

Desde la Asociación, “hacemos un llamado urgente y sentido al Gobierno Nacional y a las autoridades departamentales. No podemos mirar para otro lado mientras los costos se disparan y el dólar nos juega en contra. Necesitamos políticas claras que protejan la demanda turística y mesas de diálogo efectivas con los gremios agropecuarios para evitar que sus protestas terminen afectando a todo un ecosistema económico”.

En esa misma línea, para Sandra Milena Barroso Lozano, representante de alojamiento en la Mesa Sectorial de Turismo del Huila, el reto está en “fortalecer la promoción del departamento, mejorar la comercialización y lograr que más agencias y operadores nacionales e internacionales incluyan al Huila dentro de sus ofertas”.

La preocupación por el fortalecimiento del peso colombiano frente al dólar es general. El presidente del gremio de los industriales, Andi, Bruce Mac Master, dijo que el país está perdiendo competitividad en el sector exportador y “hay un problema inmenso en la economía”.

Desde su visión, “Colombia está viviendo un momento muy complejo, derivado de la inmensa revaluación que se está presentando en la tasa de cambio. Estamos perdiendo competitividad y los exportadores están teniendo inmensos problemas en términos de los recursos que monetizan, que cada vez son más bajos en pesos”.

Así como lo criticaba en su momento el entonces presidente Gustavo Petro, Mac Master ahora coincide en que las altas tasas del Banco de la República han jugado un papel importante.

“La muy alta tasa de interés nos está generando flujos de capitales gigantes hacia nuestra economía que están profundizando esta situación. En el pasado se han trabajado medidas que buscan desincentivar los inmensos flujos de capitales, o también debemos pensar en una tasa de interés que no genere las distorsiones que estamos observando hoy en la competitividad y capacidad de Colombia de exportar sus productos”.

El dirigente gremial resaltó la importancia de que “las tasas de interés en Colombia nos permitan oxigenar la economía”. “Es cierto que el Banco de la República tiene una función vital de controlar la inflación”, dijo. “La hemos defendido en el pasado, pero en este momento estamos teniendo un problema macroeconómico aún más grande y es el de que eventualmente perdamos capacidades en nuestro aparato productivo”, advirtió.

EN REDES el debate sobre el dólar está servido",negativo
2026-08-24,Diario del Huila,Precio de la energía en bolsa alcanza su nivel más alto en 20 meses por El Niño.,"Precio de la energía en bolsa alcanza su nivel más alto en 20 meses por El Niño.

La llegada del fenómeno de El Niño ya comienza a sentirse en el mercado eléctrico. En agosto, el precio de la energía en bolsa alcanzó su promedio más alto en 20 meses, impulsado por una mayor generación térmica y la necesidad de conservar agua en los embalses.

El precio de la energía en bolsa alcanzó en agosto su nivel más alto de los últimos 20 meses, en medio de la instalación del fenómeno de El Niño y el aumento de la generación térmica para reducir la presión sobre los embalses.

Según cifras de XM , el promedio de los precios máximos registrados durante agosto se ubicó en $1.050,64 por kilovatio hora (kWh) , el valor más alto desde hace casi dos años.

Durante el mes también se registraron picos de $1.065,8/kWh , una cifra que refleja la presión que comienza a generar la expectativa de una temporada prolongada de sequía sobre el sistema eléctrico colombiano.

El Niño empieza a mover el precio de la energía

El principal factor detrás del aumento es la llegada de El Niño , que podría reducir los aportes hídricos y afectar la generación hidroeléctrica, una de las principales fuentes de energía del país.

Para enfrentar el periodo más crítico, el sistema eléctrico ha incrementado la participación de las plantas térmicas , con el objetivo de ahorrar agua en los embalses y garantizar reservas suficientes para los meses de mayor intensidad del fenómeno.

Julio César Vera, presidente de Xua Energy, señaló que el comportamiento del mercado refleja que El Niño ya está influyendo en la formación de precios.

Según explicó, el mayor uso de generación térmica busca conservar los niveles de los embalses para enfrentar el periodo crítico, previsto entre finales de 2026 y el primer trimestre de 2027. Para entonces, estimó, el nivel de los embalses debería superar el 80 % de llenado .

Alertas por un posible Niño “muy fuerte”

Las proyecciones climáticas aumentan la preocupación del sector energético. De acuerdo con las estimaciones divulgadas, existe una alta probabilidad de que El Niño alcance una intensidad considerable durante los últimos meses de 2026.

El fortalecimiento del fenómeno representa un riesgo para la disponibilidad de agua y, en consecuencia, para la generación hidroeléctrica del país.

Sergio Cabrales, profesor y consultor en asuntos minero-energéticos, advirtió que la situación podría generar mayores presiones sobre el sistema, especialmente durante el periodo previsto de mayor intensidad, entre finales de este año y comienzos de 2027.

En ese escenario, el aumento de la generación térmica podría continuar impulsando al alza el precio de la energía en bolsa .

Las térmicas podrían aportar hasta el 55 % de la energía

De acuerdo con estimaciones del sector, durante el momento más crítico de El Niño, la generación térmica podría llegar a representar cerca del 55 % de la oferta de energía del país .

Esto aumentaría la presión sobre la disponibilidad de gas natural , así como sobre otras fuentes de generación como el carbón y los combustibles líquidos.

Sin embargo, el fenómeno climático no es el único factor detrás de la escalada de precios. También preocupan las señales de estrechez entre la oferta y la demanda, el retraso en la entrada de nuevos proyectos de generación, especialmente renovables, y una eventual escasez de gas nacional e importado.

A estos riesgos se suma la situación financiera del sector eléctrico, marcada por los atrasos en el pago de subsidios y las obligaciones pendientes de algunas empresas con los generadores.

Aunque el aumento del precio de la energía en bolsa no se traduce de manera automática ni inmediata en el mismo incremento para todos los usuarios, la evolución del mercado energético será determinante para el comportamiento futuro de las tarifas.

El avance de El Niño , la disponibilidad de agua en los embalses, el uso de generación térmica y la capacidad financiera del sistema serán algunos de los factores que marcarán el panorama eléctrico durante los próximos meses.",negativo
2026-08-24,Diario del Huila,Bancos bajan tasas al 8 % para reconstruir tras el terremoto.,"Bancos bajan tasas al 8 % para reconstruir tras el terremoto.

El presidente Abelardo de La Espriella anunció un acuerdo con varios de los principales grupos financieros del país para ofrecer créditos de vivienda con una tasa del 8 % efectivo anual a las familias afectadas por el terremoto del 10 de agosto. La medida se suma a un paquete de financiación superior a los $5 billones anunciado por Bancolombia y busca facilitar la reconstrucción en las regiones golpeadas por la tragedia.

La reconstrucción de las zonas devastadas por el terremoto del pasado 10 de agosto tendrá un nuevo componente: créditos de vivienda con tasas preferenciales. El presidente Abelardo de La Espriella anunció este sábado que varias de las principales entidades financieras del país acordaron reducir al 8 % efectivo anual la tasa para los damnificados que requieran financiación para reconstruir o adquirir vivienda en las regiones afectadas.

El compromiso surgió tras una reunión en la sede de la Presidencia en Barranquilla, en la que participaron algunos de los empresarios y líderes financieros más importantes del país. Al encuentro asistieron Jaime y Gabriel Gilinski, Alejandro Santo Domingo, Luis Carlos Sarmiento, Fuad Char, Juan Carlos Mora, César Caicedo y Miguel Cortés.

Según explicó el mandatario, el acuerdo busca que las familias que perdieron sus viviendas o que deberán comenzar nuevamente su proceso de recuperación tengan acceso a financiación en condiciones más favorables y con una tasa que se mantenga durante toda la vida del crédito.

La medida aplicará exclusivamente en las regiones afectadas por el sismo y se convierte en uno de los primeros compromisos concretos entre el Gobierno y el sector financiero para acompañar la reconstrucción.

De acuerdo con De La Espriella, durante la reunión solicitó a los principales grupos financieros del país adoptar una tasa especial para los damnificados. El llamado fue dirigido al Grupo Aval, encabezado por Luis Carlos Sarmiento; al grupo de Jaime y Gabriel Gilinski, propietarios del Banco GNB Sudameris, y al Grupo Bolívar, al que pertenece Davivienda y cuyo presidente es Miguel Cortés.

Las entidades aceptaron ofrecer una tasa del 8 % efectivo anual para los créditos de vivienda destinados a las familias afectadas. A ellas se suma Bancolombia, que había anunciado desde el jueves una medida similar.

La condición planteada por el presidente es que el beneficio no sea temporal. Es decir, la tasa del 8 % deberá mantenerse durante toda la vigencia del préstamo, evitando que las familias enfrenten incrementos posteriores en el costo de sus obligaciones financieras.

Para el Gobierno, el acuerdo representa una herramienta adicional para enfrentar una emergencia que ha dejado un alto número de viviendas destruidas y averiadas en diferentes regiones del país.

Más temprano, el mandatario había destacado la decisión inicial de Bancolombia y la puso como ejemplo para el resto del sistema financiero.

“La decisión de Bancolombia de reducir al 8 % efectivo anual la tasa para nuevos créditos de vivienda en las zonas afectadas por el terremoto demuestra algo que sostuve durante la campaña: sí es posible bajar las tasas de interés y facilitar el acceso al crédito de los colombianos”, señaló el presidente.

El anuncio de Bancolombia contempla un paquete superior a los $5 billones en financiación especial para personas, empresas y entidades territoriales ubicadas en los municipios afectados por el terremoto.

Las nuevas condiciones comenzarán a aplicarse a los desembolsos realizados desde este lunes 25 de agosto. La principal medida corresponde a créditos hipotecarios y leasing habitacional para vivienda nueva o usada, tanto en zonas urbanas como rurales, con una tasa fija del 8 % efectivo anual durante toda la vida del préstamo.

La entidad estima que esta alternativa podría beneficiar a cerca de 7.000 familias de las regiones afectadas.

El paquete también contempla una tasa del 10 % efectivo anual para créditos de consumo y líneas especiales de liquidez para las empresas que necesiten recursos para recuperar inventarios, fortalecer su capital de trabajo y reactivar sus operaciones.

El presidente consideró que la reducción de las tasas puede convertirse en una herramienta fundamental no solo para reconstruir viviendas, sino también para recuperar negocios, proteger empleos y reactivar las economías locales que resultaron golpeadas por el desastre.

La necesidad de mecanismos especiales de financiación está directamente relacionada con la magnitud de los daños que dejó el terremoto. Los últimos balances indican afectaciones en 15 departamentos y daños en 476 municipios.

La emergencia ha impactado a 146.188 familias, que representan 284.185 personas. El balance sobre el sector habitacional muestra además la dimensión del desafío: 163.884 viviendas han resultado averiadas y otras 31.445 quedaron destruidas. A esto se suman 467 edificios colapsados.

La infraestructura del país también sufrió graves consecuencias. Hasta el momento se reportan 435 vías afectadas, 111 acueductos con daños, 69 puentes vehiculares y 14 peatonales comprometidos, además de afectaciones en cinco aeropuertos.

El impacto también se refleja en servicios esenciales. El terremoto dejó daños en 351 centros de salud, 3.579 instituciones educativas y 4.611 centros comunitarios, lo que obliga a combinar la reconstrucción física con una estrategia de recuperación económica y social de mayor alcance.

La reunión en Barranquilla no solo giró alrededor de las tasas de interés. El presidente anunció que el próximo 7 de septiembre viajará al Chocó acompañado por los empresarios que participaron en el encuentro para avanzar en la construcción de un plan integral de recuperación y transformación del departamento.

La propuesta busca que la reconstrucción no se limite a levantar nuevamente las viviendas, vías e instalaciones destruidas, sino que permita impulsar inversiones, generar empleo y promover proyectos productivos en una de las regiones históricamente más rezagadas del país.

También puedes leer: Refuerzan seguridad para cosecha cafetera en el Huila

“La reconstrucción no consiste solamente en levantar lo que el terremoto destruyó”, señaló De La Espriella al explicar que la emergencia también debe convertirse en una oportunidad para transformar las condiciones económicas y sociales de los territorios afectados.

El sector privado, según el mandatario, tendrá un papel central tanto en la financiación de vivienda como en la llegada de inversiones y proyectos que permitan acelerar la recuperación.

Con la tasa preferencial ya anunciada y el compromiso de avanzar hacia un plan integral para las regiones más afectadas, el Gobierno comienza a delinear la siguiente etapa después de la emergencia: pasar del rescate y la atención humanitaria a la reconstrucción.

El desafío será enorme. Las cifras revelan la dimensión de los daños, pero el acuerdo con el sistema financiero abre una nueva alternativa para miles de familias que deberán reconstruir sus hogares y recuperar su estabilidad después del terremoto.

La apuesta del Gobierno es que la reconstrucción no dependa únicamente de los recursos públicos. Ahora, con los principales grupos financieros ofreciendo condiciones preferenciales, la expectativa está puesta en que el crédito se convierta también en un motor para que las regiones afectadas vuelvan a levantarse.",positivo
2026-08-24,Diario del Huila,Anato pide al Gobierno alivios tributarios para turismo tras terremoto.,"Anato pide al Gobierno alivios tributarios para turismo tras terremoto.

La Asociación Colombiana de Agencias de Viajes y Turismo (Anato) solicitó al Gobierno Nacional alivios tributarios, líneas especiales de crédito y programas de apoyo al empleo para las empresas turísticas afectadas por el terremoto del 10 de agosto, tras la declaratoria de emergencia económica y social.

El gremio turístico manifestó su preocupación por los impactos de la emergencia. La Asociación Colombiana de Agencias de Viajes y Turismo (Anato) presentó una solicitud formal al Gobierno Nacional . La petición incluye medidas extraordinarias para proteger a las empresas y el empleo. El sector turístico ha sido gravemente afectado en los territorios más damnificados.

Las medidas propuestas por Anato para la recuperación

Anato propuso un paquete de medidas para la recuperación del sector. La lista incluye alivios tributarios para los prestadores turísticos. También solicitó líneas especiales de crédito con condiciones favorables. El gremio pidió subsidios directos para las empresas afectadas. Otro punto clave es el apoyo al empleo y a la nómina. El Programa de Apoyo al Empleo Formal (PAEF) es una de las herramientas mencionadas.

Paula Cortés Calle , presidente ejecutiva de Anato , explicó la importancia del sector. El turismo genera empleo e ingresos en las regiones. El gremio considera necesario proteger el tejido empresarial. La afectación de los puestos de trabajo sería grave. Las medidas buscan evitar un colapso en las empresas turísticas.

El llamado a los viajeros y la temporada de avistamiento de ballenas

Anato hizo un llamado a los viajeros colombianos. La asociación recomienda no cancelar automáticamente las reservas. Muchos destinos continúan operando con normalidad. Los turistas deben consultar las condiciones de cada lugar. También deben verificar la disponibilidad de servicios y rutas.

Paula Cortés Calle destacó el papel del turismo en la reconstrucción. «Viajar, cuando existen las condiciones para hacerlo de manera segura, también puede ser una forma de apoyar la reconstrucción», afirmó. Mantener activa la actividad turística permite que las economías locales sigan funcionando. La recuperación depende en parte de la continuidad del sector.

El gremio hizo un llamado específico para la Costa Pacífica . La temporada de avistamiento de ballenas transcurre entre julio y octubre. Anato respaldó la solicitud de la gobernadora del Chocó , Carolina Córdoba . La mandataria pidió a los viajeros no cancelar sus viajes programados. La región depende del turismo para su economía.

También puedes leer: Gobierno De la Espriella podría reactivar fracking sin Congreso

Destinos como Nuquí , Bahía Solano y Juradó tienen en el turismo su principal fuente de ingresos. La temporada de avistamiento de ballenas representa una gran oportunidad. Hoteles, restaurantes y operadores de naturaleza se benefician. También los guías, transportadores y comunidades locales. La actividad turística sostiene a múltiples prestadores de servicios en la región.

El llamado de Anato busca evitar una crisis mayor. La cancelación masiva de reservas agravaría la situación económica. Las comunidades del Chocó ya enfrentan los efectos del terremoto. El turismo puede ser un motor de recuperación. La asociación insiste en la responsabilidad de los viajeros.",negativo
2026-08-24,Diario La Nación,Así le sacará provecho el Huila a la emergencia económica.,"Así le sacará provecho el Huila a la emergencia económica.

En Huila, las más de mil familias damnificadas, sedes educativas, centros de salud y demás infraestructuras afectadas están a la espera de recursos.

Los 31 municipios huilenses afectados por el sismo de magnitud 7,4 con epicentro en Chocó el 10 de agosto, tienen ahora una oportunidad para recuperarse de los daños estructurales sufridos durante el terremoto. El Huila es uno de los departamentos incluidos en la declaratoria de emergencia económica.

Según datos emitidos por la Oficina Para la Gestión del Riesgo de Desastres del Huila, en nuestro departamento hay 78 instituciones educativas averiadas, 280 las viviendas afectadas, 11 los centros comunitarios impactados, 19 las vías con daños, 13 los centros de salud con algún reporte negativo, y 15 puentes vehiculares y dos peatonales con averías.

El número de familias damnificadas asciende a 279, que corresponde a 1.395 personas. Afortunadamente, ninguna persona resultó herida ni hubo pérdidas humanas o desaparecidos.

De acuerdo con la Gobernación del Huila, en principio, deben determinar cuáles proyectos pueden priorizarse dentro de la emergencia.

Los proyectos pueden ser financiados con recursos de: 1. Regalías. 2. Obras por Impuestos. 3. Recursos extraordinarios de la Nación. 4. Inversión privada/donaciones.

La emergencia contempla la inversión privada mediante Obras por Impuestos y propone ampliar temporalmente el mecanismo de Obras por Impuestos para los territorios afectados, con el propósito de movilizar recursos y capacidad privada.

De la misma manera, se podrá acudir a fuentes adicionales a las ordinarias, incluyendo recursos de fondos especiales y recursos del SGR, para financiar las necesidades derivadas del sismo.

También abre una posibilidad de créditos de financiación para la recuperación (créditos con el Banco Mundial), siempre que los proyectos tengan relación directa con la emergencia y cumplan las condiciones que establezcan los decretos reglamentarios.

Entre los requisitos figuran: Tener un inventario técnico y financiero de daños, pues este es el que permitiría sustentar las solicitudes de recursos y proyectos.

Se deben identificar las afectaciones a infraestructura educativa, en centros de salud, vías y contemplar las necesidades de adecuarla, para garantizar la continuidad del servicio educativo.

Se debe crear una matriz Huila con Decreto 1261, municipio por municipio; daño acreditado; población afectada; proyecto requerido; costo; y fuente de financiación posible.

El decreto declara la emergencia durante 30 días, pero el acceso efectivo a cada herramienta dependerá de la afectación acreditada y de las disposiciones sectoriales que se expidan.

Finalmente, hay algo muy importante y es que el decreto por sí solo no trae recursos para Huila; es una puerta jurídica para conseguir y ejecutar dineros mediante mecanismos extraordinarios.",negativo
2026-08-24,Diario La Nación,Camacol propone IVA cero para materiales.,"Camacol propone IVA cero para materiales.

La Cámara Colombiana de la Construcción (Camacol) pidió al Gobierno Nacional adoptar medidas tributarias, financieras y administrativas excepcionales para acelerar la reconstrucción de las zonas afectadas por el terremoto del pasado 10 de agosto.

Una de las principales propuestas del gremio es eliminar temporalmente el IVA de los materiales de construcción que sean utilizados en las zonas afectadas por el sismo, con el propósito de reducir el costo de las obras y permitir que los recursos destinados a la emergencia alcancen para atender a un mayor número de familias.

El presidente de Camacol, Guillermo Herrera, planteó que la medida debe estar focalizada en los materiales destinados a la reparación, reforzamiento y reconstrucción de las viviendas afectadas.

Camacol considera necesario establecer un mecanismo tributario y financiero especial, debido a que la magnitud de la emergencia supera las posibilidades de los programas ordinarios de vivienda. Según el gremio, más de 140.000 viviendas requerirían reparaciones y cerca de 30.000 tendrían que ser reemplazadas, por lo que la reconstrucción no puede limitarse a la construcción de viviendas nuevas.

Además del IVA, Camacol propone crear un régimen especial de reconstrucción habitacional que permita establecer reglas diferentes a las de los programas tradicionales de vivienda.

La idea es que cada familia reciba una solución de acuerdo con el nivel de afectación de su inmueble. Algunas viviendas podrían ser reparadas o reforzadas; otras tendrían que ser reconstruidas y, en los casos en los que el terreno ya no sea apto para habitar, sería necesario contemplar la reubicación.",positivo
2026-08-25,Diario del Huila,Incendios en Tolima dejan pérdidas de $50.000 millones: Gobierno activa plan de recuperación.,"Incendios en Tolima dejan pérdidas de $50.000 millones: Gobierno activa plan de recuperación.

Más de 27.000 hectáreas resultaron afectadas por los incendios en Tolima y más de 1.100 productores fueron damnificados. El Gobierno anunció el plan ‘Compromiso Tolima’, que contempla alimento para el ganado, acceso a agua, alivios financieros y 343 viviendas rurales.

Los incendios en Tolima dejaron una fuerte afectación en el campo y obligaron al Gobierno nacional a poner en marcha un plan especial para atender a las familias y productores damnificados.

El ministro de Agricultura, Indalecio Dangond , anunció la activación de ‘Compromiso Tolima’ , una estrategia que busca atender la emergencia y avanzar hacia la recuperación de la capacidad productiva de las zonas rurales afectadas por el fuego.

De acuerdo con los reportes entregados por la Gobernación del Tolima, las pérdidas ascienden a $50.000 millones , mientras que más de 27.000 hectáreas han resultado afectadas. De esta superficie, unas 8.000 hectáreas corresponden a terrenos agrícolas.

El impacto también se refleja en la producción ganadera y de alimentos. Según las cifras oficiales, más de 1.100 productores resultaron damnificados, además de la pérdida de 167.448 toneladas de pasturas y 14.523 toneladas de alimentos .

¿Qué incluye el plan ‘Compromiso Tolima’?

La estrategia anunciada por el Ministerio de Agricultura contempla varias medidas para atender las necesidades más urgentes de las comunidades rurales.

Una de las primeras acciones será el suministro de heno para pequeños ganaderos , con el propósito de garantizar alimento para los animales que sobrevivieron a los incendios y evitar que la emergencia se traduzca en mayores pérdidas para las familias productoras.

El Gobierno también anunció la construcción de pozos profundos con sistemas de bombeo y energía solar , una medida orientada a recuperar el acceso al agua en las zonas rurales que resultaron afectadas.

El acceso al recurso hídrico se convirtió en una de las principales necesidades después de la emergencia, especialmente para las familias dedicadas a la ganadería y otras actividades agropecuarias.

Productores afectados tendrán alivios financieros

Otro de los componentes del plan estará relacionado con las obligaciones económicas de los productores damnificados.

El Ministerio de Agricultura anunció el congelamiento y reperfilamiento de la cartera agropecuaria con corte a diciembre , con el propósito de aliviar la presión financiera sobre quienes perdieron cultivos, animales, pasturas o infraestructura como consecuencia de los incendios.

La medida busca dar un margen de recuperación a los productores antes de que tengan que asumir nuevamente sus compromisos financieros.

Para el Gobierno, la atención de la emergencia no puede limitarse a entregar ayudas inmediatas, sino que debe permitir que las familias puedan recuperar progresivamente sus actividades productivas.

“ No vamos a dejar solos a los productores del Tolima . La prioridad es recuperar su capacidad productiva, garantizar agua y alimento para el ganado, aliviar sus obligaciones financieras y acompañar a las familias que lo perdieron todo”, afirmó el ministro Indalecio Dangond.

La emergencia también dejó familias con afectaciones en sus viviendas. Por esta razón, el plan contempla la movilización de recursos para construir 343 viviendas rurales destinadas a hogares afectados por los incendios.

Esta medida se suma a las acciones dirigidas directamente a la recuperación del sector agropecuario y busca atender una de las consecuencias más graves de la emergencia: la pérdida del patrimonio de las familias campesinas.

La estrategia será coordinada por el viceministro de Asuntos Agropecuarios, Arturo Adolfo Dajud , quien tendrá a su cargo la articulación de las acciones con la Gobernación del Tolima, las alcaldías, el sector empresarial y los productores.

Del incendio a la recuperación del campo

El Gobierno plantea que ‘Compromiso Tolima’ tendrá que superar la fase inicial de atención de la emergencia y convertirse en una estrategia de recuperación y reactivación económica.

El desafío es considerable. Las miles de hectáreas afectadas representan una pérdida de capacidad productiva que podría tener consecuencias para las familias rurales durante los próximos meses, especialmente en las zonas donde el fuego destruyó pasturas, cultivos y fuentes de alimento para el ganado.

Las cifras entregadas por la Gobernación reflejan la dimensión de la emergencia: 27.000 hectáreas afectadas, 1.100 productores damnificados y más de 181.000 toneladas entre pasturas y alimentos perdidos .

Ante este panorama, el Ministerio de Agricultura aseguró que el propósito es acompañar a los productores durante las diferentes etapas de recuperación.

“ Compromiso Tolima significa pasar de la emergencia a la recuperación, y de la recuperación a la reactivación productiva . Vamos a recuperar el campo tolimense y a proteger el patrimonio de las familias rurales”, sostuvo Dangond.

Con la activación del plan, el Gobierno nacional busca responder a una emergencia que golpeó de manera especial al sector agropecuario del departamento. Ahora, el reto será convertir los anuncios de ayudas, alivios financieros, acceso al agua y vivienda en acciones efectivas para que las familias afectadas puedan volver a producir y recuperar sus medios de vida.",negativo
2026-08-25,Diario La Nación,Dólar: Economistas no se ponen de acuerdo sobre caída ni cómo mitigar efectos.,"Dólar: Economistas no se ponen de acuerdo sobre caída ni cómo mitigar efectos.

La caída del precio del dólar frente al peso colombiano está dejando en evidencia un choque de percepciones entre los analistas económicos más influyentes del país. En realidad, “nadie sabe exactamente cómo se explican los comportamientos de las tasas de cambio”, dijo el gerente del Emisor.

La discusión sobre el comportamiento del dólar se ha incrementado en nuestro país y ahora los análisis de los economistas comienzan a chocar. Las propuestas para hacerle frente y evitar mayores estragos en sectores como el cafetero y la piscicultura también son disímiles.

Para hoy, la Tasa de Cambio Representativa del Mercado continúa muy cerca de los tres mil pesos y se ubica en $3.056,51, según la Superintendencia Financiera. Hace más de siete años, el costo del billete verde en nuestro país no estaba tan barato, pero además, es la rapidez con que se ha depreciado lo que ha disparado aún más las alertas, tanto en los sectores que ganan como en los que pierden con esta coyuntura.

El gerente de Inversión y Estrategia de Alianza Valores y Fiduciaria, Felipe Campos, es uno de los que criticó algunas percepciones sobre lo que está detrás de la devaluación y, además, apuntó la suya.

“Decir que el dólar baja por narcotráfico —argumento de derecha— o por las altas tasas del BanRep — argumento de algunos expertos económicos y sectores de izquierda— tiene poco sustento”, afirmó.

Desde su visión, “lo que estamos viendo es una entrada masiva de inversionistas apostándole al mayor giro hacia la ortodoxia económica en Latinoamérica desde Argentina. Su permanencia abajo dependerá de si este giro es real o no”.

Contrario a Campos, el presidente de la Asociación Nacional de Empresarios de Colombia (Andi), Bruce Mac Master, es uno de los que considera que las altas tasas de interés del Banco de la República sí explican parte de la devaluación del dólar.

“El dólar está llegando a niveles de $3.000, lo que sin duda alguna nos pone en una situación muy compleja. Nos quita competitividad como exportadores, les afecta significativamente los ingresos a los exportadores cuando los convierten a pesos. La razón: la masiva entrada de capitales que se está generando en razón de la altísima tasa de interés”.

Por eso, para el dirigente gremial, entre las acciones que se deben tomar está el que el Banco de la República baje las tasas de interés, una propuesta que ha sido controvertida. “Es muy importante que las tasas de interés en Colombia nos permitan oxigenar la economía”, subrayó.

Mac Master es consciente de que el rol del Emisor es otro. “Es cierto que el Banco de la República tiene una función vital de controlar la inflación. La hemos defendido en el pasado. Pero en este momento estamos teniendo un problema macroeconómico aún más grande y es el de que eventualmente perdamos capacidades en nuestro aparato productivo”, argumentó.

De otro lado, para David Cubides, economista jefe del Banco de Occidente, ciertamente este panorama tiene que ver más con factores de orden global y algunos de tipo regional. “El análisis pasa por factores globales, de dólar débil en el mundo, monedas de la región que también se han venido fortaleciendo. A nivel doméstico llegan recursos (vía remesas) buscando rentabilidad. Y un cambio en la corriente política que también atrae inversiones. Esos serían los factores”, dijo.

La intervención en esta coyuntura por parte del Banco de la República y del Gobierno Nacional está por verse, apuntó.

El director de Investigaciones Económicas de Alianza Fiduciaria, Carlos Velásquez también hace su propio análisis. La tasa de cambio que estamos viendo “obedece tanto a la caída del riesgo soberano, que los inversionistas perciben de Colombia. Como a la expectativa de mayores flujos de inversión. Así como de recursos en dólares para financiar las obligaciones del Gobierno”.

Recalcó que es claro que, aun cuando la apreciación del peso atenúa las presiones inflacionarias, “reduce la deuda del Gobierno y facilita la adquisición de maquinaria a las empresas, también afecta a los exportadores al limitar su competitividad”.

Por eso, “los exportadores podrán utilizar mecanismos idóneos como las coberturas cambiarias, que mitigan los riesgos, a la vez que deberán revisar sus estructuras de costos, para así optimizarlas”. Que EE.UU. baje los aranceles también ayudaría. Mientras que utilizar Certificados de Reembolso Tributario (CERT) para reducir las pérdidas de los exportadores es poco viable, debido a la crisis fiscal del gobierno.

Contrario a Bruce Mac Master, no ve con buenos ojos que el Banco de la República se inmiscuya en este tema. “El Banco de la República debe velar principalmente por preservar la capacidad adquisitiva de los hogares y combatir la inflación, como lo viene haciendo, no debe intervenir de manera significativa en el mercado cambiario. La evidencia empírica muestra la inconveniencia de las intervenciones encaminadas a cambiar el comportamiento de la tasa de cambio”, advirtió.

En esa misma línea, para el economista y CEO de Lumen Economic Intelligence, Luis Fernando Mejía, “no es una buena idea convertir la tasa de cambio en un objetivo de política pública para proteger a sectores perjudicados por la apreciación del peso, varios de los cuales, además, se beneficiaron enormemente cuando el dólar estuvo por encima de $4.500”.

Para el experto, “eso introduciría un problema importante de riesgo moral, al generar la expectativa de que el Estado debe proteger a las empresas frente al riesgo cambiario, reduciendo los incentivos para diversificar mercados y fuentes de ingresos, aumentar la productividad y utilizar adecuadamente mecanismos de cobertura”.

Realmente, conocer la razón real detrás de la caída del dólar es imposible.

Tras la discusión sobre política monetaria del mes pasado, el gerente del Banco de la República, Leonardo Villar dijo en rueda de prensa que todos somos ignorantes sobre los factores.

“Sobre la pregunta de qué explica la apreciación yo, realmente, quisiera responder diciendo: somos ignorantes sobre el tema. Y somos ignorantes en el Banco de la República y en el mundo. Nadie sabe exactamente cómo se explican los comportamientos de las tasas de cambio. Cuando se aprecia el dólar, cuando se deprecia el euro, puede haber muchísimos factores que actúan ahí. Los economistas tratan de buscar explicaciones, algunas funcionan, otras no. Lo más importante en este punto es reconocer que no hay una explicación clara”.

Sin embargo, también dijo que factores como la caída en la percepción del riesgo país, que es medible, pueden “estar vinculados con las presiones sobre la tasa de cambio. Y puede haber también elementos asociados al comportamiento de la tasa de interés de política y del diferencial de la tasa de interés de política de Colombia frente a la del resto del mundo, cuya magnitud relativa frente a los otros factores es muy difícil de estimar”.

“Realmente, repito, hay una incertidumbre. Una dificultad para explicar que se da en Colombia como en cualquier otro país del mundo”, aseguró.",negativo
2026-08-25,Diario del Huila,Empresas celebran derogatoria de 11 circulares laborales: esto cambia para empleadores y trabajadores.,"Empresas celebran derogatoria de 11 circulares laborales: esto cambia para empleadores y trabajadores.

La Resolución 2708 del Ministerio del Trabajo eliminó 11 circulares que, según la cartera, habían establecido requisitos, procedimientos y criterios sancionatorios sin el respaldo legal suficiente. Empresarios celebraron la decisión, mientras sectores sindicales y políticos advierten posibles efectos sobre la protección de los trabajadores.

La derogatoria de 11 circulares del Ministerio del Trabajo abrió un nuevo debate sobre los límites de las autoridades administrativas para interpretar y aplicar las normas laborales en Colombia.

A través de la Resolución 2708 , el Ministerio del Trabajo dejó sin efecto varios documentos internos que, de acuerdo con el análisis jurídico de la propia entidad, habían incorporado obligaciones, requisitos, procedimientos e incluso criterios sancionatorios que no podían ser creados mediante una circular.

La decisión fue recibida positivamente por sectores empresariales, especialmente por organizaciones que representan a las micro, pequeñas y medianas empresas. Sin embargo, también generó fuertes críticas de sectores que consideran que la medida podría debilitar herramientas utilizadas para proteger los derechos laborales.

El Ministerio insiste en que la decisión no elimina ningún derecho de los trabajadores ni modifica las leyes laborales vigentes . Lo que cambia, según explicó la cartera, es el alcance que podían tener esas circulares frente a las empresas y a los procesos de inspección.

¿Qué cambia para empleadores y trabajadores?

El principal efecto de la Resolución 2708 es que las empresas no podrán ser objeto de nuevas obligaciones o sanciones únicamente con fundamento en lo establecido en las 11 circulares derogadas.

Para que exista una exigencia, una sanción o un procedimiento obligatorio, deberá existir una base legal clara , contenida en la Constitución, una ley o una norma reglamentaria expedida dentro de las competencias establecidas.

Esto no significa que los empleadores queden exentos de cumplir la legislación laboral. Las normas sobre jornada de trabajo, pago de salarios y prestaciones, horas extras, estabilidad laboral reforzada, libertad sindical y demás derechos continúan vigentes.

La diferencia está en que una circular, según la interpretación adoptada por el Ministerio, tiene una función principalmente orientadora e interpretativa , pero no puede crear obligaciones o sanciones que no estén previstas en una norma superior.

Empresarios destacan mayor seguridad jurídica

La Asociación Nacional de Empresarios de Colombia (Andi) celebró la decisión y consideró que representa un avance hacia reglas más claras y mayor seguridad jurídica.

El gremio, presidido por Bruce Mac Master , señaló que las circulares eliminadas habían incorporado obligaciones, requisitos, multas y procedimientos que, según el análisis técnico y jurídico realizado por el Ministerio, no contaban con suficiente respaldo legal.

Para la Andi, la decisión permite precisar los límites de las competencias administrativas y reafirmar que las circulares deben mantenerse dentro del ámbito que les corresponde.

El gremio sostuvo que cuando una autoridad administrativa supera los límites establecidos por la Constitución y la ley, se puede generar incertidumbre para las empresas y dificultades para anticipar las consecuencias de determinadas decisiones.

La organización también destacó la importancia de contar con un entorno regulatorio predecible , al considerar que la estabilidad normativa puede favorecer la formalización laboral, la inversión y la generación de empleo.

La presidenta de la Asociación Colombiana de las Micro, Pequeñas y Medianas Empresas (Acopi), María Elena Ospina , aseguró que el efecto práctico de la resolución puede sentirse especialmente en las empresas más pequeñas.

Según explicó, muchas mipymes no cuentan con grandes equipos jurídicos capaces de interpretar constantemente nuevas directrices administrativas, por lo que la existencia de requisitos o criterios sancionatorios establecidos mediante circulares podía generar incertidumbre.

Ospina resaltó que la derogatoria no elimina la legislación laboral ni reduce los derechos de los trabajadores . En cambio, establece que cualquier obligación adicional o sanción deberá contar con un fundamento normativo claro.

Desde Acopi pidieron al Ministerio avanzar hacia reglas laborales que sean claras, simples, proporcionales y fáciles de cumplir , evitando cargas administrativas que puedan afectar la formalización y la sostenibilidad de las empresas.

Los casos que llevaron a derogar las circulares

La ministra del Trabajo, Natalia López , defendió la decisión y explicó que cada una de las 11 circulares fue sometida a una revisión jurídica individual.

Entre los casos analizados se encuentra el sector de la vigilancia y seguridad privada . Según la ministra, una de las circulares interpretaba que esta actividad estaba exceptuada del régimen general de horas extras, pese a que la Ley 2466 de 2025 solo establece una excepción frente al límite máximo de dos horas extras diarias.

Otro caso estaba relacionado con la reducción de la jornada laboral. Aunque la Ley 2101 de 2021 redujo progresivamente el número de horas de trabajo sin permitir una disminución salarial, una circular habría establecido una fórmula para calcular compensaciones económicas, así como plazos de pago que no estaban contemplados expresamente en la ley.

Uno de los puntos más sensibles se relacionaba con las facultades de los inspectores de trabajo para ingresar a viviendas.

Según López, una circular autorizaba el ingreso sin consentimiento y sin orden judicial ante situaciones de peligro inminente. La ministra consideró que esta disposición podía entrar en conflicto con la protección constitucional de la inviolabilidad del domicilio .

Por esta razón, el Ministerio anunció que deberá establecerse una ruta de articulación con las autoridades competentes, como la Policía y la Fiscalía, en aquellos casos que requieran actuaciones que excedan las facultades de los inspectores laborales.

Ministerio: “No se derogó un solo derecho”

El Gobierno ha insistido en que la derogatoria de las circulares no modifica derechos reconocidos por las leyes o por la jurisprudencia.

La estabilidad laboral reforzada para las personas con discapacidad, por ejemplo, continúa sustentada en la Ley 361 de 1997 y en decisiones de la Corte Constitucional.

De la misma manera, la reducción de la jornada laboral mantiene su vigencia por mandato de la Ley 2101 de 2021.

La ministra también precisó que la Resolución 2708 no tiene efectos retroactivos . Esto significa que la decisión no declara automáticamente la nulidad de actuaciones realizadas mientras las circulares estuvieron vigentes, ni archiva o termina los procesos que se encuentren en curso.

Además, el Ministerio aseguró que no existe un vacío regulatorio. Las dependencias deberán informar en qué temas se requiere una nueva orientación para que el Viceministerio de Relaciones Laborales e Inspección determine cuál es el instrumento jurídico adecuado.

Las críticas por un posible debilitamiento de la protección laboral

La decisión, sin embargo, fue cuestionada por el exministro del Trabajo Antonio Sanguino , quien aseguró que la derogatoria elimina herramientas que, según su interpretación, servían para proteger derechos laborales.

Sanguino afirmó que algunas de las circulares estaban relacionadas con asuntos como la libertad sindical, la negociación colectiva, la vigilancia sobre las jornadas laborales, el pago de horas extras y la estabilidad laboral reforzada.

También manifestó preocupación por los efectos que la decisión podría tener sobre sectores considerados más vulnerables, entre ellos las trabajadoras domésticas.

El exministro rechazó el argumento de que las circulares hubieran excedido las competencias del Ministerio y sostuvo que la Constitución, la Ley 489 y la jurisprudencia permiten a la cartera orientar e interpretar la aplicación de las normas laborales.

El debate, por tanto, está lejos de cerrarse. Mientras los gremios empresariales ven en la derogatoria de las circulares del Ministerio del Trabajo una oportunidad para fortalecer la seguridad jurídica, los sectores críticos advierten que será necesario vigilar qué mecanismos reemplazarán las orientaciones eliminadas.

La discusión ahora se trasladará a la forma en que el Ministerio expida nuevas directrices y, sobre todo, a la capacidad del Estado para garantizar un equilibrio entre dos principios que vuelven a estar en el centro del debate: la protección efectiva de los trabajadores y la necesidad de reglas claras para quienes generan empleo .

Le puede interesar: Oro ilegal movía $132 millones al mes en Campoalegre",positivo
2026-08-25,Diario del Huila,"Vivienda nueva subió 2,41% entre abril y junio.","Vivienda nueva subió 2,41% entre abril y junio.

El precio de la vivienda nueva en Colombia aumentó 2,41% durante el segundo trimestre de 2026 frente a los primeros tres meses del año, de acuerdo con el Índice de Precios de la Vivienda Nueva, IPVN, publicado por el Departamento Administrativo Nacional de Estadística, DANE.

El resultado muestra una variación superior a la registrada en el mismo periodo de 2025, cuando los precios habían aumentado 2,10%. La diferencia fue de 0,31 puntos porcentuales entre ambos periodos.

El comportamiento de los precios presentó diferencias entre casas y apartamentos. En el segundo trimestre de 2026, el precio de las casas aumentó 3,68% frente al trimestre anterior.

Los apartamentos, por su parte, tuvieron una variación de 2,37% durante el mismo periodo. De esta manera, el incremento registrado en las casas fue superior al observado en los apartamentos.

El indicador del DANE permite hacer seguimiento a la evolución de los precios de las viviendas nuevas y comparar su comportamiento entre diferentes periodos. Para el segundo trimestre, el aumento general fue resultado de las variaciones registradas en los distintos destinos de vivienda.

Al comparar el segundo trimestre de 2026 con el mismo periodo de 2025, el crecimiento de los precios fue mayor. En ese momento, el índice había registrado una variación trimestral de 2,10%, mientras que entre abril y junio de este año llegó a 2,41%.

La diferencia de 0,31 puntos porcentuales refleja un mayor incremento trimestral de los precios de la vivienda nueva frente al comportamiento registrado un año atrás.

Los resultados hacen parte de la información estadística que el DANE publica sobre el mercado de vivienda nueva en el país y que permite observar la evolución de sus precios a lo largo del tiempo.",positivo
2026-08-25,Diario del Huila,¡Se encienden las alertas! Colombia ya enfrenta racionamiento técnico de energía.,"¡Se encienden las alertas! Colombia ya enfrenta racionamiento técnico de energía.

Colombia comienza a enfrentar una situación que prende las alarmas sobre la estabilidad de su sistema eléctrico. Mientras el país se prepara para un posible fenómeno de El Niño de alta intensidad , la red ya ha requerido desconexiones de carga para evitar fallas mayores, especialmente en la región Caribe, donde se concentra el 95 % de los cortes ordenados en lo corrido del año.

La advertencia fue lanzada por el exministro de Minas y Energía Amylkar Acosta , quien, tras conocer los más recientes datos de XM, operador del Sistema Interconectado Nacional, aseguró que el país ya está experimentando un “racionamiento técnico” .

El término se refiere a las desconexiones que deben aplicarse de manera controlada cuando la red no tiene suficiente capacidad para atender la demanda o cuando una falla amenaza con propagarse y comprometer una zona más amplia del sistema.

La preocupación coincide con los datos contenidos en el Boletín Energético No. 356 de XM , con corte al 21 de agosto, que muestra un panorama complejo: la demanda de electricidad continúa creciendo, las nuevas plantas y líneas de transmisión avanzan más lentamente de lo previsto, los aportes hídricos están por debajo de sus niveles históricos y se aproxima un fenómeno climático que podría poner bajo una presión adicional a la matriz energética.

Aunque esto no significa que Colombia haya entrado en un racionamiento generalizado para todos los usuarios, los indicadores muestran que los cortes técnicos ya son una realidad en algunas regiones y que el riesgo de nuevas restricciones aumenta .

El Caribe concentra el 95 % de las desconexiones

Entre el 1 de enero y el 19 de agosto, el Centro Nacional de Despacho de XM emitió 304 instrucciones de desconexión de carga . De ese total, 289 se concentraron en el Caribe colombiano.

En otras palabras, la región acumuló cerca del 95 % de todas las órdenes de desconexión registradas en el país durante ese periodo.

El impacto se mide mediante un indicador denominado Demanda No Atendida (DNA) , que corresponde a la cantidad de energía que los usuarios requerían, pero que el sistema no logró suministrar.

Entre el 1 de abril y el 19 de agosto, la región Caribe acumuló 20,83 gigavatios-hora de energía no atendida .

La situación tampoco fue aislada. En mayo se presentaron eventos de demanda no atendida durante 29 de los 31 días del mes. En junio se registraron en 17 jornadas y en julio durante 23 días.

En agosto, según las cifras conocidas hasta el 19 del mes, los episodios se hicieron recurrentes, con registros entre el 1 y el 7, del 9 al 15 y nuevamente el 19 de agosto.

Tres puntos concentran buena parte de las dificultades. En Cesar, las subestaciones de Valledupar acumularon 781,4 megavatios-hora de energía no atendida . En Bolívar, la línea Ternera-Gambote registró 580,42 megavatios-hora.

La mayor afectación se produjo en la franja entre Sucre y Bolívar, donde las líneas Chinú-Sincé y Mompox acumularon 827,25 megavatios-hora .

No todos los cortes tienen el mismo origen

XM aclara que las interrupciones obedecen a diferentes causas. De los 20,83 gigavatios-hora de energía no atendida en el Caribe, 9,62 gigavatios-hora correspondieron a mantenimientos obligatorios de la red.

Sin embargo, el resto de la energía no atendida evidencia las dificultades estructurales de la red.

Un total de 4,13 gigavatios-hora obedecieron a fallas directas en la red de distribución local. Otros 6,94 gigavatios-hora se relacionaron con restricciones o agotamiento de la red de transmisión regional y con puntos vulnerables en subestaciones.

Además, 2,77 gigavatios-hora correspondieron a racionamiento aplicado bajo criterios de confiabilidad del sistema .

Es precisamente este último elemento el que llevó a Amylkar Acosta a advertir que el país ya enfrenta un escenario de racionamiento técnico, es decir, interrupciones controladas que buscan proteger la estabilidad general de la red.

El Niño podría aumentar la presión sobre el sistema

A los problemas de infraestructura se suma un escenario climático que preocupa a los expertos.

Las proyecciones del Instituto de Investigación Internacional para el Clima y la Sociedad (IRI) y de la NOAA , de Estados Unidos, apuntan a una alta probabilidad de consolidación de un nuevo fenómeno de El Niño durante la temporada 2026-2027.

Según la información analizada por XM, existe una probabilidad del 100 % de que se configure el fenómeno , mientras que entre octubre y diciembre de 2026 habría un 95 % de posibilidad de que alcance una categoría considerada “muy fuerte”.

La anomalía de temperatura en la región del Pacífico conocida como Niño 3.4 ya superó los 2,5 grados centígrados en promedio semanal, una señal que ha aumentado las preocupaciones sobre la intensidad del evento climático.

Para Colombia, el Ideam prevé un incremento generalizado de las temperaturas, con mayores impactos en las regiones Caribe, Pacífica y Andina.

El calor también tiene un efecto directo sobre el consumo. El mayor uso de aires acondicionados y ventiladores llevó la demanda de energía del Sistema Interconectado Nacional a niveles récord durante agosto.

El sistema alcanzó picos de 262,67 gigavatios-hora diarios y una potencia máxima horaria de 12.529 megavatios, un crecimiento del 6,68 % frente al mismo mes del año anterior.

La demanda ya supera la energía firme disponible

Uno de los datos más delicados está relacionado con la Energía Firme para el Cargo, ENFICC , un indicador que representa, en términos simples, la energía que el sistema puede garantizar incluso bajo condiciones críticas, como una sequía prolongada.

Según las proyecciones, la demanda prevista ya supera esa capacidad garantizada.

Para el periodo comprendido entre diciembre de 2025 y noviembre de 2026, el sistema registra un faltante estimado de 4.863 gigavatios-hora al año .

La brecha aumenta para la vigencia 2026-2027, cuando el déficit proyectado llega a 7.207 gigavatios-hora anuales . Para 2027-2028, el faltante se mantendría en 7.180 gigavatios-hora.

Parte del problema está en que varias plantas y proyectos no cuentan con Obligaciones de Energía Firme que respalden su participación dentro de la garantía del sistema.

A esto se suma el retraso en la entrada de nueva capacidad.

Colombia esperaba incorporar durante 2026 cerca de 4.475 megavatios de nueva generación , pero al 20 de agosto apenas habían entrado en operación 724,8 megavatios, equivalentes al 16,2 % de la meta prevista para el año.

La situación tampoco mejora en transmisión. De los 42 proyectos críticos del Sistema de Transmisión Nacional, el 60 % presenta retrasos frente a la fecha inicialmente prevista para su entrada en operación.

Sin nuevas líneas, el sistema pierde capacidad para transportar electricidad desde las regiones donde existe disponibilidad hacia aquellas que enfrentan restricciones.

Dependencia del agua y preocupación por los embalses

La capacidad efectiva de generación del Sistema Interconectado Nacional suma actualmente 21.734,28 megavatios .

La generación hidráulica continúa siendo la base de la matriz energética, con 13.220,67 megavatios y una participación del 61 %. Le sigue la generación térmica, con 6.214,62 megavatios y una participación del 29 %.

La energía solar aporta el 10 %, con 2.298,99 megavatios, mientras que la generación eólica todavía no registra participación en la operación comercial definitiva, según las cifras suministradas.

El problema es que los ríos comienzan a mostrar señales preocupantes. Durante agosto, los aportes hídricos alcanzaron apenas el 68,69 % de su promedio histórico , completando tres meses consecutivos en condiciones deficitarias.

El volumen útil agregado de los embalses se ubicaba en 79,40 %, un nivel que, visto de manera aislada, podría parecer suficiente. Sin embargo, desde el 3 de agosto el almacenamiento real se encuentra por debajo de la senda de seguridad definida por la regulación.

Por esta razón, Colombia completa seis semanas consecutivas en estado de Vigilancia CREG .

Los modelos de mediano plazo son todavía más preocupantes. En un escenario adverso, el nivel agregado de los embalses podría caer hasta 16,2 % durante el segundo trimestre de 2027 .

Si la sequía se prolonga, embalses estratégicos como Guatapé, Chivor, Guavio, La Tasajera, Muña, Salvajina, Sogamoso y El Quimbo podrían operar por debajo de sus mínimos históricos de las últimas dos décadas.

Bogotá y el oriente del país, bajo alerta

El riesgo tampoco está limitado al Caribe.

XM ha advertido sobre un posible déficit de potencia en el área Oriental, que incluye Bogotá, Cundinamarca, Meta y Guaviare , entre diciembre de 2026 y abril de 2027.

La alerta coincide con dos mantenimientos de gran importancia. AES Colombia tiene programada la salida de 500 megavatios de la central Chivor, en su segunda etapa, entre el 16 de octubre de 2026 y el 10 de junio de 2027.

Paralelamente, Enel adelanta obras en la bocatoma de Guavio, lo que limitará la operación del embalse entre enero y abril de 2027 y 2028.

En un escenario de sequía extrema, una falla adicional en alguna de estas centrales podría dejar al sistema de la región Oriental sin suficiente capacidad para cubrir la demanda mínima.

El resultado sería la necesidad de aplicar desconexiones de carga de mayor escala , con posibles impactos sobre Bogotá y los municipios de la Sabana.

Las térmicas y el gas, claves para evitar un apagón

Ante la reducción de los aportes hídricos, el sistema dependerá cada vez más de las plantas térmicas.

XM estima que estas centrales podrían tener que generar entre 80 y 100 gigavatios-hora diarios durante periodos de entre 28 y 40 semanas.

En los escenarios de corto plazo, el sistema requeriría un promedio inmediato de 95 gigavatios-hora diarios de generación térmica si persisten los bajos niveles de agua.

Pero esta solución depende, a su vez, de la disponibilidad de gas y combustibles líquidos.

Las plantas térmicas a gas podrían requerir entre 344 y 414 gigabtu diarios, con picos de hasta 433 gigabtu durante el verano 2026-2027.

Mientras tanto, las plantas que utilizan ACPM y fuel oil tendrían que movilizar miles de barriles diarios, generando nuevos desafíos logísticos y financieros.

A esto se suma la situación económica del mercado energético. Al 21 de agosto, la deuda acumulada en el Mercado de Energía Mayorista alcanzaba 4,06 billones de pesos , de los cuales 2,34 billones ya estaban en mora.

La combinación de una red saturada, retrasos en proyectos, menor disponibilidad de agua, crecimiento de la demanda, incertidumbre sobre el gas y una posible llegada de un fuerte fenómeno de El Niño dibuja uno de los escenarios más complejos para el sistema eléctrico colombiano.

Por ahora, el país no enfrenta un apagón nacional. Sin embargo, los 304 eventos de desconexión registrados y la concentración de cortes en el Caribe muestran que las restricciones técnicas ya comenzaron a aparecer .

La gran pregunta es si las medidas que adopten las autoridades y los operadores durante los próximos meses serán suficientes para evitar que esas alertas regionales terminen convirtiéndose en un problema de mayor escala para Colombia.

Le puede interesar: Presidente denuncia que incendios en Tolima serían provocados deliberadamente",negativo
2026-08-26,Diario del Huila,El Niño prende las alarmas: Huila prepara medidas para proteger energía y piscicultura.,"El Niño prende las alarmas: Huila prepara medidas para proteger energía y piscicultura.

El Huila se prepara para un nuevo desafío climático: mientras El Niño amenaza con intensificar la sequía y reducir los niveles de los embalses, autoridades y piscicultores activan medidas para proteger la generación de energía y la producción de pescado.

El IDEAM ha encendido todas las alarmas en Colombia con sus proyecciones. El fenómeno de El Niño seguirá fortaleciéndose durante el segundo semestre de 2026 y persistirá hasta el segundo trimestre de 2027, hasta posiblemente alcanzar una intensidad que los especialistas califican como “muy fuerte”. El periodo comprendido entre octubre de este año y enero del próximo será el pico más severo, con un riesgo de entre el 69 % y el 81 % de que se convierta en uno de los eventos más intensos de las últimas décadas. Esto se traducirá en una disminución de las lluvias y un incremento de las temperaturas en las zonas Andina, Pacífica y Caribe, situación que ya se está reflejando en la aparición de incendios forestales.

En materia de energía, la situación no resulta menos preocupante. Según XM, operador del Sistema Interconectado Nacional, los embalses a nivel nacional podrían descender en el segundo trimestre de 2027 hasta el 16,2 % de su capacidad. Hasta hace tres días, el 22 de agosto de 2026, el volumen útil de los embalses estaba en 79,23 %, 322 puntos por debajo de lo fijado por la CREG. Trece de los 24 embalses del país, más de la mitad, están en niveles inferiores al 80 %, y los aportes hídricos acumulados en agosto apenas alcanzaron el 43 % de lo proyectado. Los estudios prevén que el nivel de los embalses caiga por debajo de lo observado durante las sequías de 2015 y 2024, en medio de un crecimiento nacional en el consumo de energía.

Ante este escenario, es fundamental que las autoridades implementen acciones que se articulen de manera inmediata en los territorios, y el Huila no es la excepción. Con El Quimbo y Betania como embalses clave para la producción energética y la piscicultura, existe un doble desafío: garantizar el abastecimiento energético y proteger un subsector que aporta el 37 % de la producción piscícola nacional, segundo renglón más importante de la economía departamental, después del café.

Mientras el IDEAM advierte sobre la severidad de la sequía que se avecina, la Gobernación del Huila, las autoridades ambientales, los gremios y el sector productivo han activado mesas intersectoriales y protocolos de respuesta para mitigar los impactos en los embalses y en la actividad acuícola, en un delicado equilibrio que mantiene en vilo a todo el departamento.

La amenaza de El Niño mantiene en vilo al sector, que en 2023 vivió una de sus peores crisis, cuando los embalses de Betania y El Quimbo alcanzaron niveles críticos. Edison Javier Henao Palacios, secretario técnico de la Cadena Acuícola del Huila, explicó a Diario del Huila los avances y desafíos que enfrenta el gremio, en medio del delicado equilibrio entre la generación de energía y la producción de pescado.

Henao recordó que la mesa interministerial, creada en 2023 durante la emergencia por el fenómeno de El Niño, se reactivó en abril de este año, cuando el embalse de El Quimbo volvió a caer por debajo del 40 % de su nivel útil. En aquella ocasión, Betania también llegó a estar por debajo del 60 %, una situación que encendió todas las alarmas.

“Desde 2023 se sostuvo el compromiso de que el embalse de Betania no se baje del 60 % de su nivel útil”, afirmó el secretario técnico. Por eso, el gremio y las autoridades pidieron la reactivación de la mesa, pensando en la llegada de El Niño, con un objetivo claro: evitar que El Quimbo, que funciona como un reservorio clave para la producción piscícola, volviera a niveles críticos.

La buena noticia es que, en los últimos tres meses, El Quimbo ha pasado del 40 % al 73 % de su nivel de llenado, una recuperación que Henao calificó como “importantísima” y que atribuye al compromiso de los ministerios que hicieron parte de la mesa interministerial. Betania, por su parte, se mantiene en un 76 %, muy por encima del umbral crítico.

“Hoy encontramos en el embalse de El Quimbo un nivel del 80 %, recuperado importantemente en los últimos tres meses: pasar del 40 % de llenado a tener un 80 %. Esto es resultado, primero, de un compromiso por parte de los ministerios, que volvieron a insistir en que embalsáramos nuevamente El Quimbo, y este ha servido como controlador de flujos para Betania. Yo creo que igualmente también ha jugado con el tema de la generación de energía”, explicó Henao.

El mecanismo, según detalló, consiste en que mientras se genera energía en El Quimbo, no se genera completamente en Betania; y cuando se empieza a generar en Betania, se suelta agua suficiente desde El Quimbo para que los niveles se mantengan. Como resultado, Betania no ha descendido significativamente y hoy se encuentra en el 76 %, aunque ha oscilado durante las últimas semanas.

“Para el sector productivo, esto termina siendo una tranquilidad”, reconoció Henao, aunque advirtió que siguen expectantes. El próximo viernes 28 de agosto se reunirá nuevamente la mesa interministerial para seguir insistiendo en mantener ese equilibrio.

Semáforo de riesgo y protocolos de respuesta

De acuerdo con el secretario técnico de la Cadena Acuícola del Huila, se han implementado una serie de protocolos de respuesta que se activan de acuerdo con los niveles del embalse de Betania:

Henao fue claro al definir estos umbrales: “Hemos dicho que podemos trabajar tranquilamente en niveles del 65 % al 70 %. Por debajo del 65 % hasta el 50 % pasamos a una alerta amarilla; del 50 % al 35 %, alerta naranja; y del 35 % hacia abajo, indiscutiblemente hablamos de una alerta roja que pondría en riesgo la producción”.

Tecnología y prevención: las herramientas del gremio

Para mantener informados a los piscicultores y retroalimentar la matriz con datos de campo de cada una de las unidades productivas, se implementará una plataforma tecnológica en línea, donde diariamente se dará a conocer el nivel de los embalses y se recibirán variables como temperatura, pH, oxígeno disuelto, saturación de oxígeno, niveles de mortalidad de peces y hora de la toma de muestras.

“Cualquier cambio significativo en los parámetros fisicoquímicos del agua nos permite tomar medidas a tiempo”, explicó Henao. En la medida en que cualquiera de estas variables se altere, se pone en marcha el protocolo para evitar, a toda costa, la pérdida de producción de peces.

Medidas para enfrentar la temporada seca

El gremio no se ha quedado de brazos cruzados. Desde abril, cuando se emitió la alerta por la llegada de un fenómeno de El Niño fuerte, han trabajado en varias estrategias de mitigación:

Control de densidades de siembra: de manera preventiva, frente a la posible disminución de caudales de agua, no solo en los embalses, sino también en sistemas productivos en tierra (IPRS, estanques y geomembranas), se propuso reducir la cantidad de peces por unidad productiva para disminuir el riesgo de mortalidad masiva.

Protocolos de bioseguridad: dentro de los planes de mitigación frente a una posible afectación de los peces por patógenos, se contempla la activación de protocolos de bioseguridad en las granjas, incluida la vacunación de alevinos, especialmente ante la amenaza latente del estreptococo, una enfermedad que se agrava con el incremento de la temperatura del agua.

Aireación permanente: se ha reforzado el mantenimiento de los sistemas de oxigenación para garantizar la supervivencia de los peces en momentos críticos.

Evaluación del traslado de jaulas flotantes: la Gobernación ha solicitado a la CAM que, en caso de crisis, se permita el traslado de las jaulas a las zonas más profundas del embalse, donde las condiciones del agua son más estables.

Todas estas acciones buscan proteger un subsector que aporta el 37 % de la producción piscícola nacional, representada en 87.864 toneladas de carne de pescado, convirtiéndose en el segundo renglón que más aporta a la dinámica socioeconómica del departamento, después del café.

Finalmente, Henao hizo un llamado al nuevo Gobierno nacional para que mantenga el diálogo entre los ministerios y se siga priorizando la producción piscícola en el Huila.

“Esperamos que el nuevo Gobierno permita seguir ese diálogo entre todos los ministerios para que se mantenga y compagine la producción energética en el embalse de Betania, pero también la producción de pescado que se desarrolla ya hace varios años”, concluyó.

El próximo viernes 28 de agosto, la mesa interministerial volverá a reunirse. El sector piscícola estará atento, consciente de que el equilibrio entre la energía y el pescado es frágil y que la sequía que se avecina no da tregua.

Le puede interesar: Rescatan en Neiva a ganadero bogotano que habría sido secuestrado",negativo
2026-08-26,Diario del Huila,"Colombia redujo 2,6% la extracción de agua durante 2024.","Colombia redujo 2,6% la extracción de agua durante 2024.

La cantidad total de agua extraída en Colombia disminuyó 2,6% durante 2024 frente al año anterior. El volumen pasó de 185.434,5 hectómetros cúbicos en 2023 a 180.528,4 hectómetros cúbicos en 2024, de acuerdo con los resultados de la Cuenta Ambiental y Económica de Flujos de Agua, CAE FA, del Departamento Administrativo Nacional de Estadística, DANE.

La diferencia entre ambos años fue de 4.906,1 hectómetros cúbicos menos en el suministro total de agua extraída. El comportamiento estuvo relacionado con las variaciones registradas en las diferentes fuentes de recursos hídricos utilizadas durante el periodo.

Los recursos hídricos interiores presentaron una disminución de 2,6% durante 2024. Dentro de este grupo, las aguas superficiales fueron las que registraron la mayor reducción, con una caída de 8,8%.

Las aguas superficiales comprenden recursos como ríos, quebradas, lagos y otros cuerpos de agua que se encuentran sobre la superficie terrestre. Su comportamiento tuvo una incidencia en la reducción general registrada por el indicador durante el año.

En contraste, otras fuentes presentaron incrementos. El agua del suelo aumentó 6,2%, mientras que las aguas subterráneas registraron un crecimiento de 4,7% frente a 2023.

El DANE también reportó una reducción de 7,5% en el suministro correspondiente a otras fuentes de agua durante 2024.

Dentro de este grupo, las precipitaciones registraron una disminución de 6,4%. El descenso fue aún mayor en el agua de mar, cuyo suministro cayó 48,5% frente al año anterior.

Estos resultados muestran comportamientos diferentes entre las fuentes que hacen parte de la medición. Mientras disminuyó el volumen asociado a las aguas superficiales y a otras fuentes, aumentó el correspondiente al agua del suelo y a las aguas subterráneas.

La Cuenta Ambiental y Económica de Flujos de Agua hace parte de las mediciones que permiten observar la relación entre los recursos naturales y las actividades económicas del país.

Los resultados correspondientes a 2024, identificados por el DANE como información provisional, permiten comparar el volumen de agua extraída con el registrado en 2023 y conocer cómo se comportaron las distintas fuentes durante ese periodo.

En términos generales, el suministro total pasó de 185.434,5 a 180.528,4 hectómetros cúbicos entre ambos años, con una variación negativa de 2,6%. La reducción estuvo acompañada por cambios diferenciados según el origen del agua utilizada.",neutral
2026-08-26,Diario del Huila,FEDEGÁN pide plan de choque: más de 470.000 animales han muerto desde 2009.,"FEDEGÁN pide plan de choque: más de 470.000 animales han muerto desde 2009.

La Federación Colombiana de Ganaderos (FEDEGÁN) pidió al Gobierno Nacional activar medidas urgentes frente al fenómeno de El Niño , que ya deja pérdidas por $47.000 millones en 2026. El gremio advierte que, desde 2009, los eventos climáticos han causado la muerte de más de 472.000 bovinos y el desplazamiento de 7,5 millones de animales.

La Federación Colombiana de Ganaderos (FEDEGÁN) pidió al Gobierno Nacional activar un plan de choque inmediato para enfrentar los efectos del fenómeno de El Niño sobre el sector pecuario.

Según el balance presentado por el gremio, entre el 1 de junio y el 1 de agosto de 2026 , las condiciones climáticas ya habían provocado pérdidas económicas estimadas en $47.000 millones , además de la muerte de 9.865 animales , el desplazamiento de 333.228 y la afectación de cerca de 2,2 millones de hectáreas en diferentes regiones del país.

La solicitud fue presentada al ministro de Agricultura y Desarrollo Rural, Indalecio Dangond Baquero , mediante una comunicación firmada por el presidente ejecutivo de FEDEGÁN, José Félix Lafaurie Rivera , y respaldada por la Junta Directiva del gremio.

Para los ganaderos, la situación exige una respuesta rápida, teniendo en cuenta que las cifras actuales son preliminares y podrían aumentar mientras persistan las condiciones asociadas a la temporada seca.

Más de 470.000 bovinos muertos en 17 años

El gremio sustentó su solicitud en el impacto acumulado de los fenómenos climáticos registrados en Colombia durante los últimos años.

De acuerdo con la serie consolidada por FEDEGÁN con información propia, del Instituto Colombiano Agropecuario (ICA) y del Ministerio de Agricultura, entre 2010 y 2026 nueve episodios de El Niño, La Niña y otros eventos climáticos han dejado un saldo de 472.032 bovinos muertos .

En el mismo periodo, más de 7,5 millones de animales han sido desplazados como consecuencia de sequías, inundaciones y otros eventos asociados a la variabilidad climática.

Además, en promedio, cada uno de estos fenómenos ha afectado cerca de 2 millones de hectáreas , lo que evidencia la magnitud del riesgo que enfrentan los productores rurales.

Para FEDEGÁN, la experiencia acumulada demuestra que El Niño y La Niña representan un riesgo estructural para la ganadería colombiana , por lo que considera necesario dejar atrás las respuestas temporales y avanzar hacia mecanismos permanentes de prevención.

El balance más reciente muestra que la región Caribe concentra una parte importante de las pérdidas ocasionadas por el actual fenómeno climático.

Los departamentos de Cesar, La Guajira, Sucre, Atlántico y Magdalena suman 8.508 animales muertos , además de 127.648 desplazados y 975.844 hectáreas afectadas .

El departamento con mayor número de animales muertos es Cesar , con 2.376 casos , seguido por La Guajira , con 2.206; Sucre , con 1.638; y Magdalena , con 1.359.

Dentro del balance nacional, el gremio calcula además cerca de $11.000 millones en pérdidas por la disminución en la producción de carne, leche y derivados .

FEDEGÁN advirtió que estas cifras podrían ser superiores, debido a que existe subregistro, especialmente entre pequeños productores, y porque el fenómeno climático todavía no ha terminado.

Los fenómenos climáticos que más golpearon a la ganadería

El historial de afectaciones muestra la vulnerabilidad del sector frente a los extremos climáticos.

Uno de los episodios más severos fue El Niño 2009-2010 , que dejó 73.927 animales muertos , cerca de 1,38 millones de bovinos desplazados y 8,14 millones de hectáreas afectadas .

Las pérdidas económicas de ese fenómeno fueron estimadas en aproximadamente $1,96 billones de la época .

Posteriormente, La Niña 2010-2011 registró la mayor mortalidad de animales de toda la serie analizada por el gremio, con 160.965 bovinos muertos .

En el fenómeno de El Niño 2023-2024 , antes del actual episodio climático, FEDEGÁN había calculado pérdidas por $122.400 millones durante los primeros 45 días de afectaciones.

“ La experiencia histórica demuestra que esta preocupación está plenamente justificada ”, señaló el gremio en la comunicación enviada al Ministerio de Agricultura.

Las cuatro medidas urgentes que propone FEDEGÁN

Ante la emergencia actual, la Federación Colombiana de Ganaderos propuso cuatro acciones inmediatas para reducir las pérdidas.

La primera consiste en reactivar una red temporal de bodegas ganaderas , con el objetivo de distribuir suplementos y forrajes a precios de contingencia.

La propuesta contempla la creación de una mesa nacional de abastecimiento con participación del Ministerio de Agricultura, FEDEGÁN, Fedepalma, Fedearroz y representantes de la agroindustria .

La segunda medida plantea cofinanciar el transporte de alimentos e insumos hacia las zonas rurales más afectadas.

En esta primera fase, el gremio propuso priorizar al Caribe, Tolima, Huila y los Santanderes , regiones donde los productores enfrentan mayores dificultades por la escasez de agua y alimentos para los animales.

La tercera propuesta busca agilizar el acceso a créditos para desarrollar infraestructura relacionada con el manejo del agua.

Entre las inversiones planteadas se encuentran la construcción de pozos, reservorios, sistemas de riego y soluciones con paneles solares , mediante tasas preferenciales y mecanismos de contingencia para acceder a incentivos y líneas especiales de crédito.

La cuarta acción se concentra en la prevención y respuesta frente a los incendios forestales , particularmente en departamentos como Tolima, donde, según FEDEGÁN, cerca de 21.000 hectáreas han resultado afectadas durante 2026 .

La propuesta incluye fortalecer los cuerpos de bomberos rurales, incorporar el uso de drones y establecer mayores restricciones frente a las quemas durante las temporadas secas.

Dentro de las zonas que FEDEGÁN propone priorizar aparece el Huila , departamento que ha enfrentado los efectos de las altas temperaturas y la disminución de las fuentes hídricas.

La inclusión del departamento dentro de las regiones prioritarias abre la posibilidad de fortalecer medidas relacionadas con el transporte de alimentos e insumos para los productores, así como el acceso a herramientas que permitan enfrentar la escasez de agua.

El gremio considera que la respuesta inicial debe concentrarse en las zonas con mayor nivel de afectación, sin dejar de lado una estrategia nacional que permita anticiparse a futuros eventos climáticos.

La propuesta de FEDEGÁN no se limita a las medidas de emergencia.

El gremio planteó tres estrategias de mediano y largo plazo para reducir la vulnerabilidad de la ganadería frente a las sequías, inundaciones y otros fenómenos climáticos.

La primera es impulsar una producción extraordinaria de forrajes mediante alianzas con productores y propietarios de tierras que cuenten con sistemas de riego.

El objetivo sería construir reservas de alimento antes de que se presenten nuevas temporadas de sequía.

La segunda estrategia propone fortalecer la articulación entre el ICA y la capacidad técnica y territorial de FEDEGÁN-FNG , con acciones enfocadas en el manejo del agua, la provisión de sombra, el ajuste de la carga animal y la suplementación.

También busca promover decisiones oportunas para trasladar o reducir el número de animales antes de que las condiciones climáticas provoquen pérdidas irreversibles.

El tercer punto propone crear un programa nacional de reservas estratégicas de alimento bovino , con inventarios rotativos y protocolos definidos para activarse inmediatamente cuando se declare una alerta climática.

La intención, según el gremio, es evitar que el país tenga que construir una respuesta desde cero cada vez que se presenta una sequía, helada o inundación.

Un tablero de riesgo para anticipar las pérdidas

El presidente ejecutivo de FEDEGÁN, José Félix Lafaurie Rivera , explicó que las medidas también deberían estar acompañadas por el fortalecimiento de los sistemas silvopastoriles, los bancos de forraje, la cosecha y almacenamiento de agua y la conservación de los suelos.

El dirigente propuso además integrar la información producida por IDEAM, FEDEGÁN-FNG, ICA y las entidades territoriales en un tablero de riesgo ganadero.

El objetivo sería identificar con anticipación posibles déficits de agua y forraje y activar medidas antes de que las condiciones climáticas generen mortalidad animal o pérdidas productivas irreversibles.

FEDEGÁN también planteó fortalecer el seguro agropecuario y avanzar en instrumentos paramétricos para atender pérdidas asociadas con sequías, temperaturas extremas e incendios.

La advertencia del gremio es clara: mientras El Niño continúa afectando al campo colombiano , las medidas de emergencia resultan necesarias, pero la solución de fondo pasa por una mayor capacidad de prevención y adaptación.

Le puede interesar: Reforma pensional: Corte deja en pie la mayoría y devuelve nueve puntos al Congreso",negativo
2026-08-26,Diario La Nación,Reforma pensional de Petro supera filtro de la Corte.,"Reforma pensional de Petro supera filtro de la Corte.

La Corte Constitucional declaró exequible la mayoría de la reforma pensional del gobierno del expresidente Gustavo Petro. El alto tribunal le pidió al Congreso volver a debatir diez proposiciones.

El expresidente celebró la decisión. “Se ha aprobado la mayor parte de la nueva ley de reforma pensional. De las tres reformas fundamentales de mi gobierno: laboral, pensional y de salud, solo queda la de salud. Un nuevo triunfo del gobierno del cambio y del pueblo trabajador”.

En contraste, la senadora del Centro Democrático, María Clara Posada, anunció cambios. “Radicaré un proyecto de ley para modificar los dos aspectos más críticos del proyecto: Se le debe devolver el ahorro a las personas que no logran cumplir los requisitos para pensionarse. Actualmente funciona así, pero la Reforma le roba los recursos y lo cambia por un subsidio mínimo. ⁠El umbral mínimo de cotización en Colpensiones debe ser de 1 salario mínimo. Los recursos del Estado deben enfocarse en garantizar los recursos para los más vulnerables”, advirtió.",neutral
2026-08-26,Diario del Huila,Tiendas de barrio resisten el avance de D1 y Ara: aún concentran 37% de las ventas.,"Tiendas de barrio resisten el avance de D1 y Ara: aún concentran 37% de las ventas.

A pesar del crecimiento de las cadenas de descuento y otros formatos comerciales, las tiendas de barrio siguen siendo el principal canal de ventas de productos de consumo masivo en Colombia. Un estudio de NielsenIQ revela que el 92% de los colombianos acude a estos establecimientos y que sus ventas mensuales han aumentado 13,8% en los últimos cuatro años.

Las tiendas de barrio continúan ocupando un lugar central en los hábitos de consumo de los colombianos, pese al avance de los llamados hard discounters , los supermercados, el comercio electrónico y otros formatos de comercio.

Según el más reciente estudio de NielsenIQ (NIQ), este canal representa el 37% del total de las ventas de productos de consumo masivo que se realizan en Colombia. Además, el 92% de los colombianos acude a las tiendas de barrio para realizar sus compras.

El comportamiento de este canal también muestra una evolución positiva. De acuerdo con el estudio, el promedio mensual de ventas de las tiendas de barrio ha aumentado 13,8% durante los últimos cuatro años.

Para NielsenIQ, la importancia de estos establecimientos va más allá de su participación en el mercado. La tienda tradicional funciona como un indicador del comportamiento del consumo masivo en Colombia, debido a que las variaciones que registra suelen reflejar lo que ocurre en el mercado general.

Rodolfo Aguilar Landín, director para Latam de Sales & TradeHub en NielsenIQ, explicó que el coeficiente de correlación entre las tiendas tradicionales y el mercado total se ubica entre 0,9 y 1,0.

Esto significa que el comportamiento de un producto en las tiendas de barrio tiende a reflejar su desempeño en el mercado total, que incluye grandes cadenas, supermercados y otros canales.

En el segundo grupo aparecen Brasil, Perú y Bolivia, con una correlación de entre 0,8 y 0,9, mientras que México, Argentina y Chile registran niveles de entre 0,7 y 0,8.

Colombia, entre los países con más tiendas

El estudio contabiliza 453.750 tiendas de barrio en Colombia, equivalentes al 13,1% de las 3.458.544 tiendas existentes en América Latina.

Por número de establecimientos, Colombia ocupa el tercer lugar en la región, después de Brasil, que concentra el 32,4% de las tiendas, y México, con el 24,9%.

Otro de los aspectos destacados por NielsenIQ es el nivel de surtido del canal tradicional colombiano. Mientras una tienda de barrio ofrece alrededor de 350 artículos, en los supermercados los consumidores pueden encontrar aproximadamente 2.000 referencias.

A pesar de manejar una cantidad menor de productos que los supermercados, las tiendas colombianas tienen uno de los mayores surtidos promedio de América Latina. El país ocupa el segundo lugar regional en este indicador, después de Argentina, donde las tiendas pueden ofrecer alrededor de 500 artículos.

La oferta de las tiendas de barrio está concentrada principalmente en productos de consumo cotidiano. Las bebidas representan el 63,5% del dinero que se mueve por ventas en estos establecimientos, mientras que los alimentos tienen una participación del 24,5%.

La participación de los alimentos ha aumentado 3,4 puntos porcentuales desde 2020, mientras que la categoría de higiene y cuidado del hogar y personal representa actualmente el 7,1% de las ventas.

Dentro de todas las categorías comercializadas por los tenderos, cinco concentran la mitad de las ventas totales: cervezas, gaseosas, leche, pasabocas y cigarrillos.

En productos de higiene, cuidado del hogar y cuidado personal, las categorías con mayores ventas son detergentes para ropa, papel higiénico, productos de protección femenina, cuchillas de afeitar y crema dental.

El estudio también muestra que el 76% de las ventas se realiza en productos cuyo desembolso es inferior a $6.000. En 2024, ese límite era de $4.000.

El ticket promedio alcanza los $9.260, mientras que el gasto promedio de un hogar durante un trimestre en las tiendas de barrio llega a $276.993.

La tienda resiste la competencia de los hard discounters

Uno de los resultados más relevantes del estudio está relacionado con la competencia de los establecimientos de descuento duro, entre ellos cadenas como D1 y Ara.

Según NielsenIQ, la tienda de barrio es el canal menos afectado por los hard discounters , con un índice de interacción vía shifting de 73%.

Este indicador significa que el 73% de los clientes de las tiendas también compra, en algún grado, en los discounters . Sin embargo, la tienda tradicional registra el menor nivel de interacción entre los canales comparados, lo que refleja una mayor capacidad de retención.

Para Aguilar, factores como la cercanía, la posibilidad de realizar compras pequeñas, el tradicional “fiado” y los horarios flexibles son atributos que los discounters no sustituyen fácilmente.

El estudio también identifica los factores que pesan para que un tendero decida comprar un producto a un fabricante. Para el 30% de los tenderos, la rotación es el principal factor; es decir, que el producto se venda rápidamente y no permanezca en el estante.

Otro 28% valora los incentivos adicionales ofrecidos por los fabricantes, como producto gratis o descuentos por volumen. En tanto, el 23% considera que el precio bajo es el factor determinante.

El reto de las marcas está en la ejecución

Entre ellos están la planificación de rutas para llegar a miles de puntos de venta, la participación de decenas de distribuidores, la falta de visibilidad entre los diferentes eslabones de la cadena y los desajustes entre inventarios y surtido.

Por ello, el estudio plantea que para los fabricantes no basta con tener presencia en las tiendas. También es necesario asegurar la disponibilidad de los productos y priorizar las referencias adecuadas.

En este punto, NielsenIQ señala una diferencia en el desempeño de las empresas según el uso de sistemas de monitoreo integrado. Los fabricantes que utilizan estas herramientas crecen 3,8% en el canal de tiendas, frente al 1,9% entre quienes no cuentan con sistemas de medición.

La diferencia también se observa en el conjunto de canales: las empresas que utilizan sistemas de monitoreo registran un crecimiento del 4,1%, frente al 3,1% entre aquellas que no los utilizan.

El panorama del canal se conoce además en la antesala del Día Nacional del Tendero, que se celebra el 30 de agosto.

Según el estudio, el 40% de los tenderos tiene una expectativa positiva sobre su negocio, mientras que el 45% mantiene una expectativa neutral y el 15% tiene una perspectiva pesimista.

Los datos muestran así que, pese a la expansión de las cadenas de descuento y la transformación de los hábitos de compra, la tienda de barrio continúa teniendo un peso significativo en el consumo de los colombianos.

Más que desaparecer frente a formatos como D1 y Ara, el canal tradicional parece estar adaptándose a un mercado cada vez más competitivo, apoyado en atributos como la cercanía, las compras de bajo desembolso y la relación cotidiana con sus clientes.",positivo
2026-08-26,Diario La Nación,Buscan eliminar el impuesto saludable.,"Buscan eliminar el impuesto saludable.

El representante a la Cámara por el Centro Democrático, Daniel Briceño, afirmó que ya fue presentado el proyecto de ley para eliminar los impuestos saludables en Colombia, bajo el argumento de que “han afectado a miles de tenderos en todo el territorio nacional”.

Este tipo de impuestos comenzaron a cobrarse desde el gobierno pasado en cabeza del expresidente Gustavo Petro y responden a lineamientos de organizaciones de salud a nivel global.

El senador Alejandro Ocampo, del Pacto Histórico, dijo que los impuestos saludables “no afectan a los tenderos, lo que afecta a los tenderos es la competencia del modelo de mini mercado. En cambio, los impuestos saludables sí han incorporado una mejora en los procesos de salud pública. ¿A quién busca beneficiar esta medida entonces?”, cuestionó.

De igual manera, para la exministra Jenifer Mojica, el derecho humano a la alimentación “incluye el derecho a una alimentación saludable y nutritiva. Medidas como los impuestos saludables son herramientas legítimas de salud pública y protección de este derecho. No podemos permitir medidas regresivas que debiliten la prevención y aumenten la exposición de la población a alimentos que afectan su salud, en especial, la población infantil”.

Ahora el proyecto tendrá que ser discutido en el Congreso.",neutral
2026-08-26,Diario del Huila,Tiendas de barrio respaldan eliminar el impuesto saludable: estos productos podrían bajar de precio.,"Tiendas de barrio respaldan eliminar el impuesto saludable: estos productos podrían bajar de precio.

Las tiendas de barrio respaldaron el proyecto de ley que busca eliminar el llamado impuesto saludable aplicado a las bebidas azucaradas y los productos ultraprocesados. La iniciativa fue presentada en el Congreso por los representantes Daniel Briceño , del Centro Democrático, y Carol Borda , de Salvación Nacional, y pretende modificar una medida tributaria establecida durante el gobierno de Gustavo Petro.

El proyecto vuelve a poner en el centro del debate el impacto que estos gravámenes tienen sobre los precios de productos de consumo cotidiano, los ingresos de los pequeños comerciantes y el bolsillo de los hogares colombianos.

La propuesta busca eliminar los impuestos creados mediante la reforma tributaria de 2022 , que estableció gravámenes para las bebidas azucaradas y determinados alimentos ultraprocesados.

Fenalco respalda la eliminación del impuesto

La Federación Nacional de Comerciantes Empresarios (Fenalco) expresó su respaldo a la iniciativa y aseguró que estos impuestos han tenido un impacto negativo sobre las tiendas de barrio.

El presidente del gremio, Jaime Cabal , sostuvo que los gravámenes terminaron trasladándose al precio que pagan los consumidores y afectaron las ventas y los márgenes de los pequeños comercios.

“Desde Fenalco respaldamos y apoyamos el proyecto de ley radicado para eliminar el mal llamado impuesto saludable o mejor el impuesto a los tenderos”, afirmó Cabal.

Según el dirigente gremial, las tiendas de barrio atienden principalmente a familias de estratos 1, 2 y 3 , por lo que cualquier incremento en los precios de productos de consumo frecuente puede tener un impacto considerable sobre los hogares con menores ingresos.

Fenalco sostiene que el 94 % de las tiendas de barrio está ubicado en los estratos 1, 2, 3 y 4 .

¿Cuánto dinero ha recaudado el impuesto saludable?

Uno de los argumentos de los autores del proyecto es que el impuesto ha generado importantes ingresos para el Estado, pero, en su opinión, no habría conseguido modificar de manera suficiente los patrones de consumo que justificaron su creación.

De acuerdo con las cifras entregadas con la iniciativa, el gravamen permitió recaudar $2,88 billones durante 2024 y acumula $1,9 billones en lo corrido de 2026 , según la información suministrada.

Briceño y Borda consideran que, después de varios años de aplicación, es necesario evaluar si el impuesto está cumpliendo realmente el propósito para el que fue creado.

El debate, sin embargo, enfrenta dos posiciones. Mientras sus promotores y Fenalco destacan el impacto sobre precios y comerciantes, la existencia del impuesto ha estado ligada a una política pública orientada a desincentivar el consumo de productos con altos contenidos de azúcar, sodio, grasas u otros componentes asociados con riesgos para la salud .

Ventas de las tiendas habrían caído 25,4 %

Fenalco presentó varias cifras para sustentar su oposición al impuesto.

Según el gremio, las ventas en el sector de tiendas disminuyeron 25,4 % desde la entrada en vigor de estos gravámenes .

También reportó una reducción de los márgenes de 47,27 % , mientras que en otro de sus indicadores señaló que los márgenes de ganancia de estos establecimientos disminuyeron en más de 42 % durante el mismo periodo.

Estas cifras son atribuidas por Fenalco al impacto de los impuestos y hacen parte de los argumentos que el gremio llevará al debate legislativo.

Para los comerciantes, el problema no se limita al valor que deben pagar los consumidores. También existe una afectación sobre la rentabilidad de negocios pequeños que dependen de la venta diaria de productos de consumo masivo.

Gaseosas, jugos, snacks y golosinas, entre los productos afectados

Uno de los principales efectos que señala Fenalco está relacionado con el incremento en los precios de productos que hacen parte de la compra cotidiana de muchos hogares.

Entre ellos aparecen gaseosas, jugos, pasabocas, snacks y golosinas , categorías sobre las cuales se aplican los impuestos establecidos en la reforma tributaria.

El gremio citó cifras relacionadas con la inflación del DANE para argumentar que algunos de estos productos registraron aumentos importantes.

Por ejemplo, señaló que durante 2025 la inflación de alimentos fue de 5,07 % , mientras que la categoría denominada “otros productos de panadería” tuvo un incremento de 10,7 % .

Fenalco también destacó el comportamiento de las golosinas. Según sus cálculos, esta categoría registró en 2024 un aumento de precios equivalente a 15 veces la inflación de alimentos , mientras que en 2025 el incremento fue superior a ocho veces.

Estos datos son utilizados por el gremio para argumentar que los impuestos terminaron ejerciendo presión sobre el precio final de determinados productos.

¿Qué pasaría si eliminan el impuesto saludable?

Si el Congreso aprueba el proyecto, los productos actualmente sujetos a estos gravámenes dejarían de pagar el componente tributario correspondiente.

Esto podría reducir el precio final de algunos productos , aunque la disminución no necesariamente sería equivalente al valor total del impuesto, pues dependería de factores como los costos de producción, transporte, comercialización, márgenes de los establecimientos y decisiones de fabricantes y distribuidores.

Por esa razón, la eliminación del impuesto no significa automáticamente que todos los productos vayan a bajar en la misma proporción.

Fenalco, sin embargo, considera que quitar el gravamen permitiría reducir la presión sobre los precios y mejorar las condiciones económicas de las tiendas de barrio.

El proyecto presentado por Daniel Briceño y Carol Borda abrirá un nuevo debate sobre la política tributaria aplicada a los alimentos y bebidas.

Sus promotores consideran que el impuesto terminó afectando especialmente a los pequeños comerciantes y a los consumidores de menores ingresos. Fenalco comparte esa posición y pidió al Congreso darle trámite prioritario a la iniciativa.

El gremio aseguró que acompañará la discusión legislativa y defenderá la eliminación de los gravámenes como una medida para mejorar las condiciones de operación de las tiendas y aliviar la presión sobre los precios.

La discusión, no obstante, tendrá que enfrentar el argumento contrario: que los llamados impuestos saludables no fueron creados únicamente con un objetivo recaudatorio, sino también para modificar hábitos de consumo y desincentivar determinados productos.

Así, el Congreso tendrá que definir si mantiene una herramienta tributaria que ha generado miles de millones de pesos en recaudo o si atiende las críticas de comerciantes y sectores políticos que consideran que el gravamen ha terminado afectando a las tiendas de barrio y a los consumidores.

Por ahora, la propuesta apenas inicia su recorrido legislativo, por lo que los precios de gaseosas, snacks, golosinas y otros productos no bajarán de manera inmediata . Cualquier modificación dependerá de la discusión y eventual aprobación del proyecto de ley.

Le puede interesar: Van 90 líderes sociales asesinados en Colombia: la violencia también golpea a firmantes de paz",positivo
2026-08-27,Diario del Huila,Dólar barato les pega doble a los exportadores colombianos.,"Dólar barato les pega doble a los exportadores colombianos.

Analdex advierte que la caída de la tasa de cambio está reduciendo los ingresos de los exportadores, mientras aumentan costos como transporte, energía, mano de obra y fletes internacionales. Sectores como café, banano, flores, aguacate y frutas están entre los más expuestos.

La caída del dólar está generando una presión adicional sobre los exportadores colombianos. Aunque vender en los mercados internacionales sigue representando una fuente importante de ingresos para el país, la apreciación del peso significa que las empresas reciben menos pesos cuando convierten a moneda nacional los dólares obtenidos por sus ventas.

La situación preocupa especialmente porque esa reducción de ingresos coincide con un aumento de varios costos de operación.

Según la Asociación Nacional de Comercio Exterior (Analdex) , entre el primero de enero de 2025 y el primero de julio de 2026 la Tasa Representativa del Mercado pasó de $4.409,15 a $3.440,83 por dólar , una disminución cercana al 22 %.

Para los empresarios que exportan, el efecto es directo: mientras el precio internacional de sus productos se mantiene en dólares, al convertir esos ingresos reciben menos pesos.

El problema se intensifica porque los costos internos no han caído al mismo ritmo.

Analdex advierte sobre aumentos en el transporte nacional, los costos laborales, la energía y los fletes internacionales , factores que reducen el margen de las empresas.

El transporte terrestre representa una preocupación particular para los productores que deben movilizar sus mercancías desde las zonas de producción hasta los puertos o centros de distribución.

El gremio también ha planteado cuestionamientos sobre el funcionamiento del SICE-TAC, sistema utilizado como referencia para establecer los costos eficientes del transporte de carga, y ha pedido que funcione como un referente técnico que permita encontrar eficiencias y reducir costos.

Entre las actividades más expuestas están productos agrícolas que Colombia ha logrado posicionar en mercados internacionales, como café, banano, flores, aguacate, frutas exóticas y acuicultura , además de algunos sectores manufactureros.

Las cifras de comercio exterior muestran, sin embargo, que el comportamiento no es igual para todos.

Durante el primer semestre de 2026, las exportaciones colombianas alcanzaron US$27.844 millones , con un crecimiento de 14,2 % frente al mismo periodo de 2025.

Pero las exportaciones de agropecuarios, alimentos y bebidas sumaron US$7.425,1 millones y disminuyeron 2,7 % frente al año anterior.

Dentro de este grupo también hubo diferencias. Las ventas externas de café, té, cacao, especias y sus preparados cayeron 10,6 %, mientras las exportaciones de legumbres y frutas crecieron 15,7 %.

El contraste muestra que el aumento general de las exportaciones no significa que todos los sectores estén atravesando un buen momento.

Exportaciones crecen, pero el panorama es desigual

Otro elemento que explica la situación es la composición del crecimiento.

Durante enero-junio, las exportaciones minero-energéticas aumentaron 30,8 % y representaron más de la mitad de las ventas externas del país.

Mientras tanto, otros sectores enfrentan mayores dificultades para sostener sus márgenes.

Para Analdex, la respuesta debe concentrarse en mejorar la competitividad interna. Reducir costos logísticos, energéticos y operativos permitiría compensar parcialmente el impacto de una tasa de cambio desfavorable para quienes venden en el exterior.

El escenario deja así una paradoja para la economía colombiana: las exportaciones siguen creciendo, pero varios de los sectores llamados a diversificar la oferta del país enfrentan un doble golpe: reciben menos pesos por sus dólares y pagan más por producir y transportar sus mercancías.

Le puede interesar: Reforma pensional: Corte deja en pie la mayoría y devuelve nueve puntos al Congreso",negativo
2026-08-27,Diario del Huila,Casi todas las empresas industriales del país ya usan internet.,"Casi todas las empresas industriales del país ya usan internet.

El uso de herramientas digitales está prácticamente extendido entre las empresas industriales manufactureras de Colombia. En 2024, el 99,7% de las compañías consultadas por el Departamento Administrativo Nacional de Estadística, DANE, reportó utilizar computador y el mismo porcentaje señaló tener acceso a internet.

Los datos hacen parte de los Indicadores básicos de tenencia y uso de Tecnologías de la Información y las Comunicaciones en empresas, elaborados a partir del módulo TIC de la Encuesta Anual Manufacturera, EAM.

Para esta medición fueron investigadas 5.973 empresas industriales manufactureras que se encontraban activas al momento de la encuesta. Los resultados permiten observar el nivel de incorporación de herramientas tecnológicas dentro de uno de los principales sectores productivos del país.

El acceso a internet aparece como una herramienta prácticamente generalizada entre las empresas manufactureras analizadas. En 2024, el 99,7% indicó que utilizaba este servicio, una proporción equivalente a la registrada en el uso de computadores.

La cifra muestra que la conectividad ya está presente en prácticamente todo el universo empresarial incluido en la medición. El uso de computadores, por su parte, constituye una de las principales bases para desarrollar actividades administrativas, productivas y de comunicación dentro de las compañías.

La presencia de estas tecnologías también se refleja en la manera en que las empresas mantienen su relación con clientes, proveedores y otros actores de sus actividades comerciales.

Página web todavía tiene menor presencia

Aunque el acceso a computador e internet alcanza al 99,7% de las empresas estudiadas, la proporción de compañías que cuenta con página web es menor.

En 2024, el 77,3% de las empresas industriales manufactureras tenía página web. Esto significa que, aunque la conectividad está prácticamente generalizada, todavía existe una diferencia frente a la presencia empresarial en internet mediante un sitio propio.

La página web puede cumplir funciones relacionadas con la presentación de productos y servicios, información corporativa y canales de contacto. Su menor participación frente al uso de internet muestra que estar conectado no necesariamente implica contar con una plataforma digital propia.

Tecnología gana espacio en la actividad empresarial

Los resultados del DANE permiten acercarse al nivel de adopción de las Tecnologías de la Información y las Comunicaciones dentro de la industria manufacturera colombiana.

La información correspondiente a 2024 evidencia una alta penetración de herramientas básicas como computadores e internet, mientras que el desarrollo de espacios digitales propios, como las páginas web, presenta una participación menor.

La medición también sirve como referencia para conocer cómo avanza la incorporación de tecnologías en las empresas y cuáles herramientas tienen mayor presencia en el sector manufacturero. En el caso de 2024, la conectividad aparece como un elemento prácticamente común entre las empresas industriales consultadas.",positivo
2026-08-27,Diario La Nación,"Estos son los cuatro pilares del nuevo sistema pensional, ¿en cuál se ubica?","Estos son los cuatro pilares del nuevo sistema pensional, ¿en cuál se ubica?

El nuevo sistema se compone de cuatro pilares y comenzará a regir a partir de abril del 2027. Los fondos privados continuarán, así como Colpensiones.

El 14 de junio de 2024 se aprobó el proyecto de ley de reforma pensional, que establece un nuevo sistema de protección integral para la vejez, pero solo hasta el pasado martes 25 de agosto la Corte Constitucional le dio el visto bueno. Todavía resta una nueva discusión de nueve artículos y una proposición en el Congreso, sin embargo lo grueso de la reforma está en firme y la nueva ley pensional comenzará a regir a partir de abril del 2027.

Además, falta crear el Fondo de Ahorro del Banco de la República del Pilar Contributivo. En el pilar contributivo, los aportes pensionales realizados por los trabajadores se dividen entre un componente de prima media y otro de ahorro individual. El componente de prima media será administrado por Colpensiones y recibirá las cotizaciones de todos los trabajadores correspondientes a ingresos hasta 2,3 smmlv (salario mínimo mensual legal vigente). El componente de ahorro individual seguirá siendo administrado por entidades privadas (como sociedades fiduciarias o administradoras de fondos de pensiones – AFP) que actuarán en forma complementaria con base en las cotizaciones que excedan lo correspondiente a 2,3 smmlv.

Estas son algunas de las preguntas frecuentes que tienen los colombianos con este nuevo sistema pensional que ahora será de cuatro pilares, antes trataba de dos sistemas: uno público y otro privado. Durante el gobierno del expresidente Gustavo Petro, el Ministerio del Trabajo reiteró que el objetivo era que los dos sistemas dejaran de competir y, en cambio, se complementaran.

¿Qué afiliados de Colpensiones deben seleccionar una Administradora de Fondos de Pensiones (AFP) o fondo de pensión?

Quienes actualmente están afiliados a Colpensiones y coticen por encima de 2,3 SMMLV, y tengan menos de 750 semanas (mujeres) y 900 semanas (hombres). Deben seleccionar un fondo para empezar a cotizar al componente de ahorro individual del pilar contributivo.

• Paso 1: seleccionar la administradora de fondos de pensiones a la que va a realizar los aportes para pensiones sobre los ingresos que superen los 2,3 SMLV.

• Paso 2: se debe esperar a la reglamentación del gobierno para saber cómo se contarán los 6 meses de plazo.

Todos los trabajadores que tienen menos de 750 semanas (mujeres) y menos de 900 semanas (hombres) y todos los que ganan menos de 2,3 SMLV.

• Si está en Colpensiones, permanecerá en Colpensiones.

• Si está afiliado a un fondo privado, de ahora en adelante estará afiliado, obligatoriamente, a Colpensiones, es decir, no debe gestionar el traslado.

• Si está en un fondo privado, el saldo que tiene en su cuenta individual se lo seguirá administrando su AFP y, al momento de la pensión, este dinero ahorrado se trasladará a Colpensiones.

• Su administradora de pensiones, para cualquier efecto, será Colpensiones.

a. Para hombres mayores de 65 años y mujeres mayores de 60 años en la línea de pobreza extrema que están clasificados en el Sisbén, en las categorías A, B o C1, a quienes se les entregará una renta básica solidaria de forma mensual por valor del mínimo de pobreza extrema, que hoy asciende a $236.580.

b. Para hombres mayores de 55 años y mujeres mayores de 50 años, que están en situación de pobreza (según Sisbén) y tienen discapacidad mayor al 50%. También serán beneficiarias las personas pertenecientes a los pueblos indígenas, pueblos negros, afrocolombianos, raizales y palenqueros registrados en el censo del Ministerio del Interior.

a. Para los afiliados que tengan menos de 300 semanas cotizadas a los 60 años para las mujeres, y a los 65 años para los hombres, se les entregará una Indemnización Sustitutiva (aportes ajustados por inflación) y en el caso de que tengan ahorros en su cuenta individual, la Devolución de Saldos en el Componente Complementario de Ahorro Individual (aportes más rendimientos).

b. Para los que alcancen a cotizar entre 300 y 1.000 semanas a los 65 años, si es hombre, o 60, si es mujer, recibirán una renta vitalicia con lo que aportaron al sistema.

Incluye los aportes de los trabajadores con un ingreso base de cotización entre 1 salario mínimo mensual legal vigente (smmlv) y 25 smmlv.

Se pensionan con 1.300 semanas y al llegar a la edad de 57 años si es mujer y 62 si es hombre. Debido a la decisión de la Corte, para la pensión de mujeres se irá reduciendo progresivamente el requisito de semanas hasta llegar a 1.000, es decir, a partir de 2026 cada año se descontarán 25 semanas (de las 1.300), para que, a partir de 2036, el requisito sea de 1.000 semanas.

También ingresan a este pilar quienes no alcancen a cotizar las 1.300 semanas, pero tengan al menos 1.000 semanas, según sus condiciones.

Es un ahorro adicional para incrementar el complemento de ahorro y tener una mejor pensión. Es de tener cuenta, que se mantienen los beneficios tributarios.

Gerente del Banco de la República se pronuncia sobre ley pensional

Durante el congreso de Asobancaria, el gerente del Banco de la República, Leonardo Villar, se pronunció sobre la decisión de la Corte sobre la reforma pensional y dijo que están en disposición de trabajar.

“Debo hacer alusión a la noticia del día sobre el concepto emitido el día de ayer por la Corte Constitucional sobre la reforma pensional contenida en la Ley 2381 de 2024. Estamos todavía revisando el anuncio, pero por lo pronto quiero reiterar la disposición del Banco para cumplir con el papel que le asigna la Ley en la administración del Fondo del Pilar Contributivo”.

Para el gerente, “se trata de una función acorde con el mandato constitucional de servir como agente fiscal del gobierno y para cumplirlo seguiremos avanzando en concordancia con las decisiones de la Corte”, puntualizó.

Leonardo Villar, gerente del Banco de la República.",neutral
2026-08-28,Diario La Nación,Al Gobierno le falta plata y “no es un problema pasajero”.,"Al Gobierno le falta plata y “no es un problema pasajero”.

El Consejo Gremial, organización gremial cúpula de Colombia que reúne a los 33 gremios más representativos del país, elevó el tono de su alerta sobre la falta de recursos económicos en el Gobierno Nacional.

“Colombia tiene hoy un problema fiscal de fondo, no un problema pasajero”, recalcó. Citando un informe del Comité Autónomo de la Regla Fiscal (CARF), dijo que durante el 2025, el Gobierno Nacional gastó más de lo que recibió: “el déficit primario fue de 3,5% del PIB y el déficit total llegó a 6,4%”.

Para entender la magnitud: entre 2000 y 2019 esos promedios fueron de apenas 0,5% y 3,7% del PIB, respectivamente, contextualizó.

“En otras palabras: durante los últimos años, el Estado gastó mucho más de lo que recaudó y tuvo que financiar esa diferencia con deuda. Ese es el punto de partida que recibe el nuevo Gobierno”. Pero el problema, no es porque el Estado haya dejado de recaudar y tampoco se debe principalmente a más inversión pública. Es por el gasto, algo que es difícil de reducir: el funcionamiento del “Estado pasó de 14,0% a 17,2% del PIB, impulsado por el Sistema General de Participaciones, pensiones, salud y el Fondo de Estabilización de Precios de los Combustibles (FEPC)”.

“¿Por qué importa? Porque cuando aumenta el riesgo del país, pedir plata prestada cuesta más. Eso significa pagar más intereses por la deuda y tener menos recursos disponibles”.

Según el gremio, Colombia necesitaría hacer un ajuste de $32,1 billones, equivalente al 1,6% del PIB, ya sea aumentando ingresos o reduciendo gastos.

La tragedia derivada del sismo del 10 de agosto, “hace todavía más urgente ordenar las finanzas públicas”.

El Consejo Gremial propone: Reformar el marco fiscal. Contener y focalizar el gasto, con recortes y congelamientos equivalentes al 1% del PIB. Estimular la inversión productiva. Eliminar sobretasas y hacer más competitivo el sistema tributario. Permitir la depreciación acelerada. Aliviar el impuesto extraordinario al patrimonio sobre personas jurídicas. Y avanzar hacia una tarifa de renta del 30% para las MiPymes.",negativo
2026-08-28,Diario del Huila,Presupuesto 2027: estas son las fechas que definirán su aprobación en el Congreso.,"Presupuesto 2027: estas son las fechas que definirán su aprobación en el Congreso.

El futuro del Presupuesto General de 2027 comenzó a definirse en el Congreso. El Ministerio de Hacienda radicó un nuevo proyecto por $634,9 billones , después de que la primera propuesta presentada para el próximo año fuera devuelta.

El nuevo monto supera en $88 billones el presupuesto aprobado para 2026, que quedó en $546,9 billones.

La iniciativa ya fue presentada ante el Legislativo. Ahora deberá superar varias fechas clave antes de convertirse en la hoja de ruta de los gastos del Estado para el próximo año.

Estas son las fechas clave del Presupuesto 2027

El primer plazo está previsto antes del 15 de septiembre .

Para esa fecha, las Comisiones Terceras y Cuartas del Senado y la Cámara de Representantes deberán definir el monto definitivo del presupuesto de gastos.

Después vendrá una fecha decisiva. Las comisiones económicas tendrán hasta el 25 de septiembre para aprobar el proyecto en primer debate.

Si supera este paso, la discusión continuará en las plenarias de Senado y Cámara.

El plazo máximo para que el Congreso expida el Presupuesto General de la Nación es el 20 de octubre .

Si para ese día no existe una aprobación definitiva, entrará a regir el proyecto presentado por el Ministerio de Hacienda , junto con las modificaciones que hayan sido aprobadas durante el primer debate.

¿Por qué fue devuelto el primer proyecto?

El Gobierno tuvo que presentar una nueva propuesta después de que el anterior proyecto, presentado durante la administración de Gustavo Petro , fuera devuelto.

El principal problema estaba en su financiación. La iniciativa tenía un faltante de $30,2 billones que dependía de la aprobación de una reforma tributaria.

El ministro de Hacienda, Miguel Gómez , aseguró que el proyecto anterior presentaba problemas que impedían garantizar su viabilidad fiscal.

Según explicó, existían “inconsistencias fiscales, financieras y macroeconómicas” que comprometían su ajuste a las reglas establecidas en el Estatuto Orgánico del Presupuesto.

El proyecto anterior también generaba presión sobre las finanzas públicas.

Uno de los mayores incrementos estaba relacionado con el servicio de la deuda , cuyo gasto crecía 17,5%.

En contraste, los recursos destinados a inversión y funcionamiento aumentaban apenas 0,5%.

A esto se sumaba una reducción en los ingresos esperados. La proyección contemplaba una caída de 0,9% en los ingresos totales .

Los ingresos corrientes, por su parte, disminuirían 3,4% .

Ese escenario aumentaba las dificultades para financiar el presupuesto y fue uno de los argumentos para presentar una nueva propuesta.

Con el nuevo proyecto de $634,9 billones , la discusión pasa ahora a las Comisiones Económicas del Congreso.

Senadores y representantes deberán revisar las cifras y determinar si el monto propuesto se ajusta a las necesidades del país y a las condiciones de las finanzas públicas.

15 de septiembre, 25 de septiembre y 20 de octubre son las fechas que marcarán el camino del Presupuesto General de 2027.

La primera definirá el monto; la segunda marcará el avance del proyecto en las comisiones; y la última será el límite para que el Congreso expida el presupuesto del próximo año.

Le puede interesar: Diario del Huila 28 de agosto de 2026",neutral
2026-08-28,Diario La Nación,Presupuesto del ‘Tigre’ vs. el de Petro: los cambios más polémicos.,"Presupuesto del ‘Tigre’ vs. el de Petro: los cambios más polémicos.

El presidente Abelardo De La Espriella presentó un nuevo Presupuesto General de la Nación en el Congreso, que es superior al del expresidente Gustavo Petro. “No recorta ni un solo peso de gasto”, dijo un congresista del Centro Democrático.

Entre los principales cambios del Presupuesto General de la Nación 2027 presentado ayer en el Congreso por el gobierno del presidente Abelardo De La Espriella, versus el radicado por el gobierno del expresidente Gustavo Petro está el monto: sube de $576 billones a $636 billones, es decir, aumenta cerca de $60 billones.

Según el ministro de Hacienda, Miguel Gómez, varias partidas no estaban debidamente incorporadas. “En pensiones faltaban $8 billones, en subsidios eléctricos $5,8 billones, en salud $4 billones, otros $3,6 billones en contribuciones parafiscales para la nómina de servidores públicos, faltaba el presupuesto para las elecciones regionales y, realmente increíble, no estaban incorporados en el Presupuesto que presentó el gobierno anterior $9,6 billones del Fondo de Estabilización de Precios de los Combustibles”.

La senadora Esmeralda Hernández, del Pacto Histórico, criticó ese aumento. “De los $635 billones, casi $400 billones son para funcionamiento. ¿Dónde quedó el discurso del recorte del 40% del Estado?”, cuestionó. Además, “quieren quitar el impuesto al patrimonio ($5 billones) y quieren tumbar el impuesto saludable. ¿De dónde saldrá la plata para ajustar la diferencia?”. Y advirtió de una reforma tributaria “directa a la clase media y baja”.

Otras diferencias son el aumento del funcionamiento, que el gobierno Petro propuso fuera de $367,7 billones, pero el gobierno del ‘Tigre plantea sea de $392,5 billones, es decir, $24,8 billones más.

De igual manera, el servicio de la deuda aumenta en cerca de $37 billones. Sube de $118 a $155 billones.

Asimismo, el nuevo endeudamiento necesario pasa de $143 billones a $256 billones, lo cual se traduce en un aumento de $113 billones (+79%).

Además, la inversión baja de aproximadamente $90 billones a $86,9 billones, son $3,1 billones menos.

A la representante Catherine Juvinao Clavijo le llama la atención que, dentro del gasto de funcionamiento, sube el gasto en personal, pues, el número de cargos en la Rama Ejecutiva sube de 99.001 a 107.927, cerca de 9.000 cargos nuevos. “En lugar de recortar la nómina, el gobierno piensa contratar casi un 10% más de lo que nos dejó Gustavo Petro”. Sin embargo, desde el gobierno del ‘Tigre’ están argumentando que el anterior gobierno ocultó el número real de puestos: “Ni siquiera contó bien el número de funcionarios”, rechazó el ministro de Hacienda.

Juvinao también dijo que “los ingresos tributarios esperados en realidad bajan levemente, de $309 billones a $298 billones. Y los recursos de capital casi se duplican, pasan de $187 billones a $288 billones”. Lo cual para la congresista es “otra señal de que se está tapando el hueco con más deuda y recursos extraordinarios, no con mayor recaudo”.

“¿Cómo se justifica un presupuesto $59 billones más grande, con más funcionamiento, muchísimo más servicio de deuda y menos inversión?”, cuestionó el senador Alejandro Ocampo (Pacto Histórico).

La senadora María del Mar Pizarro también se preguntó cómo el gobierno sube el presupuesto, pero disminuyen la inversión y el recaudo, y advirtió que será con “más deuda y venta de activos del Estado”.

Por el contrario, los congresistas afines al gobierno destacan varios puntos. Por ejemplo, la senadora Sara Castellanos recordó que el anterior Presupuesto, presentado por el Gobierno Petro, “fue devuelto porque no respondía a las necesidades de Colombia. Hoy tenemos una nueva oportunidad: el Gobierno pudo ajustarlo y evaluaremos qué propuestas trae”.

También el senador Carlos Manuel Meisel Vergara (Centro Democrático) recordó su compromiso de sacar adelante este proyecto de Presupuesto. “Me he comprometido hasta los tuétanos a ayudar a que el gobierno tenga éxito. Los logros de la patria milagro significarían la alegría del país que amo; y eso es lo único que necesito para motivarme a darlo todo. Sin embargo, no puedo ocultar que en situaciones como esta me siento un poco desubicado. Urge una reunión con el Ministro”.

Para el representante a la Cámara, Simón Molina, lo de Petro no era un Plan “era un disfraz”. Ahora “Hacienda pone las cifras sobre la mesa: sincerar ingresos, reconocer el gasto que ya existe y reconstruir sin nueva carga tributaria de 1,5 puntos del PIB. Estado más eficiente, no más grande”, destacó.

En tanto que para el representante David Gerardo Cote Rodríguez (Centro Democrático), “no podemos continuar el derroche promovido por la irresponsabilidad de Gustavo Petro”. Sin embargo, “este nuevo presupuesto no recorta ni un solo peso de gasto. ¿Dónde quedó el modelo de austeridad y recorte de burocracia que se le prometió al país? Le pido al Ministro que reconsidere sobreendeudar el país y mejor realice un recorte en los gastos de funcionamiento de todas las entidades de la Nación”.

Y finalmente, al senador Christian Garcés (Centro Democrático), le “preocupa el nivel de endeudamiento, pero respaldamos que el Presupuesto refleje responsablemente la realidad de las finanzas públicas y las necesidades extraordinarias de inversión por el terremoto”.

Anunció, desde la Comisión Tercera del Senado y como coordinador ponente designado, dar “un debate riguroso”.",positivo
2026-08-29,Diario del Huila,"Licencia de conducción no subirá a $2,2 millones por ahora.","Licencia de conducción no subirá a $2,2 millones por ahora.

Por ahora, los colombianos que necesiten sacar por primera vez o recategorizar su licencia de conducción no tendrán que asumir el incremento que podía llevar el costo del trámite a más de $2,2 millones .

El Ministerio de Transporte decidió aplazar la entrada en operación de los Centros de Apoyo Logístico de Evaluación (CALE) , mediante la Circular 0317 del 28 de agosto de 2026.

La decisión representa un alivio para los conductores, pues con el nuevo modelo se proyectaba un aumento considerable en el valor que tendrían que pagar quienes realizaran el trámite.

Actualmente, obtener una licencia de conducción puede costar alrededor de $1,4 millones . Con la entrada en funcionamiento de los CALE, el valor total podría haber superado los $2,2 millones , es decir, un incremento de hasta $800.000 .

El Ministerio de Transporte explicó que el aplazamiento busca realizar una revisión detallada del diseño institucional, los costos y el funcionamiento del modelo antes de trasladar nuevos cobros a los ciudadanos.

La cartera señaló que el objetivo es garantizar mejores procesos de evaluación sin generar costos adicionales que no estén debidamente justificados.

La ministra de Transporte, Elsa Noguera , defendió la decisión y aseguró que el Gobierno busca mejorar la seguridad vial, pero sin afectar de manera injustificada el bolsillo de los ciudadanos.

“Queremos mejores conductores y menos muertes en las vías, pero no vamos a trasladarle nuevos costos a la gente sin analizarlos objetivamente”, afirmó la funcionaria.

¿Qué son los CALE y por qué podían aumentar el costo?

Los Centros de Apoyo Logístico de Evaluación fueron diseñados para funcionar como entidades encargadas de evaluar de manera independiente las capacidades de las personas que aspiran a obtener por primera vez una licencia o recategorizarla .

La diferencia frente a las escuelas de conducción es fundamental.

Mientras las escuelas tienen como función principal enseñar a conducir , los CALE fueron concebidos para certificar y verificar que el aspirante realmente tenga las capacidades prácticas necesarias para manejar .

La implementación de este sistema había sido estructurada mediante un contrato interadministrativo con la Universidad Nacional Abierta y a Distancia (UNAD) .

El esquema de los CALE también había generado cuestionamientos dentro del sector de la educación superior.

De acuerdo con el modelo establecido, la UNAD quedó como único operador contratado para desarrollar esta función.

Otras universidades públicas manifestaron que también cumplían los requisitos exigidos y reclamaron la posibilidad de participar en el proceso.

La controversia derivó en la presentación de acciones de tutela, denuncias y solicitudes de revocatoria relacionadas con la contratación.

A esto se suma la dimensión económica del proyecto. Las proyecciones financieras estimaban que el sistema podía generar movimientos económicos cercanos a los $20 billones durante sus 20 años de vigencia .

El Gobierno revisará el contrato y los cobros

El aplazamiento no significa que los CALE hayan sido eliminados definitivamente.

Durante este periodo, el Ministerio de Transporte realizará una revisión sobre varios aspectos del modelo.

El Gobierno aseguró que estas decisiones se adoptarán respetando los principios de debido proceso y seguridad jurídica .

El Ministerio aclaró además que el aplazamiento de los CALE no suspende la Ley 2251 de 2022 .

La norma continúa vigente y deberá seguir siendo aplicada dentro del ordenamiento jurídico colombiano.

Por ahora, entonces, el aumento proyectado no entrará en funcionamiento mientras el Gobierno adelanta la revisión anunciada.

Una vez concluya este proceso, el Ministerio de Transporte deberá informar públicamente cuáles serán las decisiones definitivas sobre los CALE, el contrato con la UNAD y los costos que eventualmente tendrían que asumir los conductores .

Así, el cobro que podía elevar el precio de la licencia de conducción de unos $1,4 millones a más de $2,2 millones queda, por el momento, en pausa.

Le puede interesar: Diario del Huila gana premio por investigación que estremeció al Huila",positivo
2026-08-31,Diario del Huila,"Desempleo en Colombia bajó al 8,1 % en julio: 578.000 personas encontraron trabajo.","Desempleo en Colombia bajó al 8,1 % en julio: 578.000 personas encontraron trabajo.

El desempleo en Colombia continuó bajando durante julio y alcanzó su nivel más bajo frente al mismo mes del año anterior, según las cifras reveladas por el DANE .

La tasa de desocupación se ubicó en 8,1 % , lo que representa una disminución de 0,7 puntos porcentuales frente al 8,8 % registrado en julio de 2025.

El resultado está acompañado por un aumento en el número de personas que tienen trabajo. En el país se contabilizaron 24,54 millones de personas ocupadas , es decir, 578.000 más que un año atrás.

En términos porcentuales, el número de ocupados creció 2,4 % frente a julio de 2025.

Uno de los datos que más llama la atención del informe es la reducción de la población desocupada.

En julio, 2,16 millones de personas estaban desempleadas , una reducción de aproximadamente 160.000 personas frente al mismo periodo del año anterior.

La caída equivale a 6,9 % , de acuerdo con las cifras del DANE.

Al mismo tiempo, la tasa de ocupación llegó al 59,5 %, con un incremento de 0,6 puntos porcentuales frente a julio de 2025.

La tasa global de participación también aumentó. Pasó de 64,6 % a 64,8 % , lo que refleja una mayor participación de la población en el mercado laboral.

Estos sectores fueron los que más generaron empleo

El comportamiento del empleo no fue igual en todas las actividades económicas.

El sector de Administración pública y defensa, educación y atención de la salud humana fue el principal motor de generación de puestos de trabajo, con 404.000 nuevos ocupados frente a julio del año pasado.

Le siguieron comercio y reparación de vehículos , que incorporó 158.000 personas, y construcción , con otros 156.000 ocupados.

Sin embargo, no todos los sectores tuvieron resultados positivos.

La mayor reducción se presentó en agricultura, ganadería, caza, silvicultura y pesca , actividades que registraron 204.000 ocupados menos que en julio de 2025.

Este comportamiento marca uno de los principales contrastes del mercado laboral durante el periodo analizado: mientras sectores de servicios, comercio y construcción aumentaron su número de trabajadores, el empleo agropecuario presentó una caída significativa.

Las mujeres todavía tienen mayor desempleo que los hombres

Las diferencias entre hombres y mujeres también se mantienen en el mercado laboral colombiano.

En julio, la tasa de desempleo de las mujeres fue de 10,1 % , mientras que entre los hombres se ubicó en 6,7 % .

La brecha fue de 3,4 puntos porcentuales .

Aunque la diferencia continúa siendo significativa, se redujo frente a julio de 2025, cuando alcanzaba los cuatro puntos porcentuales.

El comportamiento evidencia que las mujeres siguen enfrentando una mayor dificultad para acceder a un empleo frente a los hombres, pese a la reducción registrada en la brecha durante el último año.

El panorama también cambia considerablemente dependiendo de la ciudad.

Quibdó registró la tasa de desempleo más alta, con 23 % , seguida por Cartagena, con 13,6 % , y Sincelejo, con 13 % .

En el otro extremo se ubicaron las ciudades con las tasas más bajas.

Medellín presentó una tasa de desempleo de 7 % , seguida por Bucaramanga, con 7,2 % , y Pereira, con 7,5 % .

La diferencia entre las ciudades con mayor y menor desempleo evidencia que la recuperación del mercado laboral no se está produciendo al mismo ritmo en todas las regiones del país.

Más de la mitad de los trabajadores está en la informalidad

Pese a la reducción del desempleo, uno de los principales retos continúa siendo la calidad del empleo .

La tasa de informalidad laboral se ubicó en 54,5 % a nivel nacional durante julio.

Esto significa que más de la mitad de las personas ocupadas se encuentran en condiciones de informalidad.

La situación es aún más marcada en las zonas rurales. En los centros poblados y rural disperso , la informalidad alcanzó el 82,5 % .

En las 13 ciudades y áreas metropolitanas , en cambio, se ubicó en 40,5 % .

Las cifras muestran que el aumento del empleo no necesariamente se traduce en puestos de trabajo formales y con todas las garantías laborales, especialmente en las zonas rurales del país.

El desempleo juvenil continúa por encima del promedio

Los jóvenes también enfrentan mayores dificultades para ingresar al mercado laboral.

Entre las personas de 15 a 28 años , la tasa de desempleo llegó al 14,1 % , una cifra considerablemente superior al 8,1 % registrado para el conjunto de la población.

El dato mantiene al empleo juvenil como uno de los principales desafíos del mercado laboral colombiano.

El mercado laboral muestra señales positivas, pero persisten desafíos

El informe del DANE deja un balance con varios indicadores favorables: bajó el desempleo, aumentó la ocupación y se redujo el número de personas que buscan trabajo sin encontrarlo .

En un año, el país sumó 578.000 personas ocupadas y redujo en 160.000 el número de desempleados.

Sin embargo, detrás de esas cifras también aparecen retos importantes. La caída del empleo en el sector agropecuario, la elevada informalidad y las diferencias entre hombres y mujeres, jóvenes y adultos, así como entre las distintas ciudades, muestran que la recuperación del mercado laboral todavía es desigual.

Con una tasa de desempleo de 8,1 % en julio , Colombia mantiene una tendencia favorable en materia de ocupación, pero el desafío ahora está en que la generación de empleo también avance hacia mayor formalidad, estabilidad y oportunidades para los sectores de la población que siguen registrando las mayores tasas de desocupación .

Le puede interesar: Víctimas del Catatumbo respaldan el fin de la ‘Paz Total’ de De la Espriella",positivo
2026-08-31,Diario La Nación,Reforma al Código Nacional de Tránsito incluiría reducir en un 50% las multas.,"Reforma al Código Nacional de Tránsito incluiría reducir en un 50% las multas.

El presidente Abelardo De La Espriella presentará un proyecto de reforma al Código Nacional de Tránsito. “Primero están la vida y la seguridad vial, jamás el afán de recaudo”, dijo el mandatario.

“Tenemos una ley expedida en el año 2002 que, después de cinco reformas, sigue desconectada de la realidad del país y, sobre todo, del bolsillo de los colombianos”, rechazó ayer el presidente Abelardo De La Espriella desde Barranquilla, haciendo énfasis en que su gobierno presentará un proyecto de reforma al Código Nacional de Tránsito.

“Entre sanciones, intereses, patios y grúas, un colombiano puede terminar pagando más de un salario mínimo e, incluso, perder la moto o el carro con el que trabaja y lleva su sustento al hogar”, contextualizó.

Por eso, el Gobierno prepara una ofensiva para reducir los costos que enfrentan millones de conductores colombianos por multas, trámites, cursos, licencias y otros servicios asociados al sistema de tránsito. Las medidas, que deberán pasar por reformas legales y decisiones administrativas, buscan modificar varios de los cobros que hoy recaen sobre los propietarios y conductores de vehículos.

A través de su cuenta en X, el presidente De La Espriella aseguró el sábado que buscará reducir hasta en un 50% el valor actual de las multas de tránsito. “Una infracción debe tener una sanción proporcional; no puede convertirse en una condena económica para una familia colombiana”, afirmó.

El mandatario también cuestionó algunos de los requisitos y costos asociados con los Centros Integrales de Atención (CIA) y los cursos que permiten acceder a descuentos en las sanciones. Entre sus propuestas está eliminar el requisito de la llamada “casa cárcel” para habilitar estos centros y reducir en un 25 % el costo de los cursos, además de permitir que las propias autoridades de tránsito puedan impartirlos.

La agenda también contempla revisar el costo de las licencias de conducción, eliminar cobros que el Gobierno considera innecesarios y ampliar su vigencia hasta a diez años. A esto se suma una revisión del Registro Único Nacional de Tránsito (RUNT) y del Sistema Integrado de Información sobre Multas y Sanciones por Infracciones de Tránsito (SIMIT), con el propósito de detectar duplicidades y reducir las tarifas asociadas.

Uno de los puntos más sensibles será el de las fotomultas. De La Espriella anunció controles más estrictos para autorizar cámaras de fotodetección y parámetros de calibración de los equipos. “Primero están la vida y la seguridad vial, jamás el afán de recaudo”, sostuvo.

También planteó revisar el costo y la periodicidad de la revisión técnico-mecánica, incluida la decisión que redujo de seis a cinco años el plazo para los vehículos nuevos.

La ministra de Transporte, Elsa Noguera, respaldó el anuncio y aseguró que ya trabajan en una reforma integral al Código Nacional de Tránsito. “Colombia no puede seguir rigiéndose por un Código de Tránsito desconectado de la realidad y de la capacidad económica de nuestra gente”, manifestó.

Noguera señaló que un ciudadano puede terminar pagando más de un salario mínimo entre multas, intereses, patios y grúas, e incluso perder su vehículo por no poder asumir los cobros. Según explicó, el Ministerio trabaja en tres frentes: la reforma al Código de Tránsito, nuevas exigencias para las cámaras de fotodetección y la simplificación de trámites.

“Deben salvar vidas, no recaudar”, dijo la ministra sobre las cámaras, y aseguró que el Gobierno buscará “reglas justas, costos razonables y un Estado más eficiente y al servicio de la gente”.

El proyecto debe pasar por el Congreso de la República. Allí, el senador Gersson Vargas Valdeleon, estaría en disposición de defender la iniciativa.

“Presidente, dio con el que era. Cuente conmigo”, le dijo al mandatario. “Desde antes, venimos dando esta pelea y hoy ya tenemos en el Senado dos proyectos de mi autoría que apuntan directamente a cuidar el bolsillo de los conductores”.

Una iniciativa está relacionada con las cámaras de fotomulta: “sanciones graduales por exceso de velocidad, no puede recibir el mismo garrote quien se excede unos pocos kilómetros que quien conduce a velocidades realmente peligrosas. Por eso el pago debe ser proporcional al exceso, con lo cual buscamos bajar el valor de la multa para que sea justa con cada caso”.

Y un SOAT que premie al buen conductor: “beneficios para quien tiene buen comportamiento y mayores cargas para quien reincide. Esto aliviará el pago que vienen haciendo los buenos conductores, ya que se baja el precio a quienes tienen buen comportamiento”.",positivo
2026-09-01,Diario del Huila,El agro perdió 204.000 empleos en julio pese a la caída del desempleo en Colombia.,"El agro perdió 204.000 empleos en julio pese a la caída del desempleo en Colombia.

La tasa de desempleo nacional cayó a 8,1 % en julio, la más baja para ese mes en lo que va del siglo. Sin embargo, el sector agropecuario registró la mayor pérdida de puestos de trabajo entre las 13 ramas de actividad analizadas por el Dane.

El mercado laboral colombiano cerró julio con una cifra que parece positiva, pero que esconde un fuerte retroceso en uno de los sectores que más trabajadores concentra.

La tasa de desempleo cayó a 8,1 % , frente al 8,8 % registrado en julio de 2025. La reducción de 0,7 puntos porcentuales convirtió a julio de 2026 en el mejor julio en materia de desempleo de lo que va del siglo.

Sin embargo, el agropecuario fue el sector que más empleos perdió durante el periodo.

Según el Departamento Administrativo Nacional de Estadística (Dane), el número de trabajadores en agricultura, ganadería, caza, silvicultura y pesca pasó de 3,44 millones en julio de 2025 a 3,23 millones en julio de 2026 .

La diferencia representa una pérdida de aproximadamente 204.000 puestos de trabajo en un año , equivalente a una reducción de 5,92 % .

El resultado convirtió al agro en la rama con peor comportamiento entre las 13 actividades económicas incluidas en la medición.

El agro restó 0,9 puntos al resultado nacional

La caída del empleo agropecuario tuvo un peso importante en el comportamiento general del mercado laboral.

El sector restó 0,9 puntos porcentuales al resultado de la ocupación, siendo el principal aporte negativo entre las ramas analizadas.

El comportamiento fue compensado por sectores que sí aumentaron su número de trabajadores.

La administración pública y defensa fue la actividad que más aportó, con 1,7 puntos porcentuales, seguida por comercio y reparación de vehículos , con 0,7 puntos, y construcción , con 0,6 puntos.

El contraste deja una fotografía particular del mercado laboral: mientras algunos sectores impulsaron la generación de empleo y permitieron que el indicador nacional mejorara, el campo registró una pérdida significativa de trabajadores.

El campo todavía concentra 13,2 % del empleo

A pesar del retroceso, el agro continúa siendo uno de los principales generadores de empleo del país.

Las actividades de agricultura, ganadería, caza, silvicultura y pesca concentran el 13,2 % del total de ocupados .

La participación es similar a la de administración pública y defensa, educación y atención de la salud humana , también con 13,2 %, y solo está por debajo de comercio y reparación de vehículos , que representa el 17,2 %.

De los 3,23 millones de personas ocupadas en el agro , la gran mayoría se encuentra fuera de las grandes ciudades: 2,49 millones trabajan en centros poblados y rural disperso , mientras que otros 146.000 están ubicados en cabeceras urbanas.

La reducción del empleo en esta actividad tiene, por tanto, una incidencia especial en las zonas rurales.

Colombia ganó 578.000 puestos de trabajo

El resultado nacional muestra un panorama diferente al del agro.

En julio había 24,54 millones de personas ocupadas en Colombia , 578.000 más que en el mismo mes de 2025.

Esto representa un crecimiento anual de 2,4 % en el número de ocupados.

Al mismo tiempo, la población desocupada se redujo en 160.000 personas , hasta ubicarse en 2,16 millones. La cifra representa una disminución de 6,9 % frente a julio del año pasado.

La tasa de ocupación también mejoró y llegó a 59,5 %, un aumento de 0,6 puntos porcentuales frente a julio de 2025.

Por su parte, la tasa global de participación pasó de 64,6 % a 64,8 %.

Las cifras dejan un contraste difícil de pasar por alto.

Colombia está registrando uno de sus mejores datos recientes de desempleo para un mes de julio, mientras el sector agropecuario pierde más de 200.000 puestos de trabajo en un año.

El dato cobra especial relevancia por el peso que todavía tiene el campo en el mercado laboral colombiano.

Aunque el país logró aumentar en 578.000 el número total de ocupados, ese crecimiento no se distribuyó de manera uniforme entre las actividades económicas.

El agro, que aporta 13,2 % del empleo nacional , terminó julio como el sector con mayor pérdida de puestos de trabajo.

El resultado pone nuevamente sobre la mesa el comportamiento del empleo rural y la capacidad del sector agropecuario para mantener su peso como uno de los principales generadores de trabajo en Colombia.

Le puede interesar: El Huila podría exportar USD 1.349 millones más, pero hay un problema: el 95 % sale como materia prima",negativo
2026-09-01,Diario del Huila,"Desempleo en Neiva bajó a 9,8% y 15.000 personas encontraron ocupación.","Desempleo en Neiva bajó a 9,8% y 15.000 personas encontraron ocupación.

La capital huilense cerró el trimestre móvil mayo julio de 2026 con señales favorables en varios de los principales indicadores del mercado laboral. La tasa de desocupación se ubicó en 9,8%, medio punto porcentual por debajo del 10,3% registrado durante el mismo periodo de 2025, mientras la ciudad sumó 15.000 personas a la población ocupada y alcanzó 157.000 trabajadores.

El comportamiento en Neiva hace parte de un escenario nacional marcado por una reducción del desempleo. En julio, Colombia registró una tasa de desocupación de 8,1%, frente al 8,8% del mismo mes del año anterior. Se trata del nivel más bajo para un mes de julio desde 2001, según los resultados presentados por el Departamento Administrativo Nacional de Estadística, DANE .

Para Neiva, el resultado no solo está relacionado con una menor proporción de personas buscando empleo sin encontrarlo. También hubo un incremento importante en la participación y en la ocupación. La tasa global de participación llegó a 63,7%, con un aumento de 5,4 puntos porcentuales frente al 58,2% de mayo julio de 2025, mientras la tasa de ocupación pasó de 52,2% a 57,4%.

El crecimiento de la población ocupada fue uno de los principales movimientos registrados en la capital huilense. En un año, la ciudad pasó a tener 157.000 personas ocupadas, 15.000 más frente a las 142.000 contabilizadas durante el mismo trimestre móvil de 2025. El aumento equivale a una variación de 5,2%.

El director del DANE, Ricardo Valencia Ramírez, explicó durante la presentación de los resultados el comportamiento de los indicadores correspondientes a Neiva. El funcionario señaló que la tasa de desocupación presentó una reducción de 0,5 puntos porcentuales y destacó el crecimiento registrado tanto en la ocupación como en la participación laboral.

El aumento de la tasa de ocupación resulta especialmente relevante porque refleja una mayor proporción de personas en edad de trabajar vinculadas a alguna actividad económica. En el caso de Neiva, ese indicador avanzó 5,2 puntos porcentuales en un año, un movimiento acompañado por el crecimiento de la participación laboral.

Esto significa también una mayor presión sobre el mercado de trabajo, pues más personas están participando activamente en la búsqueda o el ejercicio de una ocupación. La tasa global de participación, al llegar a 63,7%, muestra precisamente ese aumento en la población vinculada a la fuerza laboral.

El resultado de la ciudad contrasta con algunas de las dificultades observadas en sectores específicos de la economía nacional, pero al mismo tiempo evidencia un mercado laboral local donde la generación de ocupación tuvo un comportamiento positivo durante el periodo analizado.

Comercio toma fuerza en la capital huilense

Las actividades económicas tuvieron comportamientos diferentes en Neiva. El mayor aporte al crecimiento de la población ocupada estuvo en comercio y reparación de vehículos, actividad cuya contribución alcanzó 4,4 puntos porcentuales.

Este comportamiento sitúa al comercio como uno de los principales motores de la ocupación durante el trimestre móvil. La actividad reúne una amplia variedad de establecimientos y trabajadores y tiene un peso importante dentro de la dinámica económica de la ciudad.

Después apareció el grupo integrado por administración pública y defensa, educación y atención de salud humana, con una contribución de 3,1 puntos porcentuales al aumento de la población ocupada.

También tuvo incidencia transporte y almacenamiento, con un aporte de 3 puntos porcentuales. La combinación de estas actividades explica una parte importante del incremento de los ocupados en Neiva y muestra una estructura laboral apoyada principalmente en servicios, comercio y actividades relacionadas con la movilidad de bienes y personas.

La construcción, en cambio, presentó el comportamiento contrario. Esta actividad fue la que más restó al crecimiento de la ocupación en la ciudad, con una caída de 3,4 puntos porcentuales.

En el panorama nacional, la cifra más llamativa corresponde a la reducción del desempleo. Colombia pasó de una tasa de 8,8% en julio de 2025 a 8,1% en julio de este año, una disminución de 0,7 puntos porcentuales.

La población ocupada llegó a 24,5 millones de personas, con 578.000 ocupados adicionales frente a un año atrás. Al mismo tiempo, la población desocupada se redujo en aproximadamente 160.000 personas y quedó en cerca de 2,1 millones.

El director del DANE presentó el resultado como un registro destacado dentro de la serie estadística. “La economía se ha venido ajustando y, en consecuencia, el mercado laboral también y por ello estamos registrando la tasa de desocupación más baja de esa serie para este mes de julio del año 2026”, afirmó Ricardo Valencia.

El crecimiento de la ocupación, sin embargo, no tuvo la misma intensidad en todas las ramas económicas. Administración pública y defensa, educación y atención de la salud humana encabezaron la creación de puestos de trabajo, con 404.000 ocupados adicionales.

Comercio y reparación de vehículos también presentó un aumento importante, con 158.000 personas ocupadas más, mientras construcción aportó otros 156.000 puestos. Estos tres grupos concentraron buena parte del avance registrado en la ocupación nacional durante el último año.

El resultado nacional tiene una cara distinta cuando se observa el comportamiento de las actividades agropecuarias. Agricultura, ganadería, caza, silvicultura y pesca fue la rama con mayor reducción de ocupados durante el periodo, con 204.000 personas menos frente a julio de 2025.

La caída resulta especialmente significativa por el peso del sector rural dentro del mercado laboral colombiano. Mientras el número total de ocupados aumentó, el campo presentó una contracción que evidencia una distribución desigual de la recuperación del empleo.

También registraron disminuciones actividades relacionadas con transporte y almacenamiento, alojamiento y servicios de comida, actividades financieras y de seguros, además de suministro de electricidad, gas, agua y gestión de desechos.

El contraste deja un mercado laboral con resultados positivos en términos generales, pero con sectores todavía enfrentando dificultades para sostener o ampliar su número de trabajadores. El crecimiento de la ocupación nacional, por tanto, no estuvo acompañado por una expansión uniforme de todas las actividades productivas.

Para el caso de Neiva, el comportamiento de la construcción también merece atención, debido a su aporte negativo de 3,4 puntos porcentuales. Aunque el resultado local no replica exactamente la tendencia nacional de esta rama, sí muestra cómo una actividad puede tener un peso considerable en la variación final de los ocupados.

Mayoría de nuevos empleos llega por cuenta propia

Otro elemento del informe está relacionado con la posición ocupacional. La mayor parte del incremento registrado en Colombia correspondió a trabajadores por cuenta propia.

Esta categoría aumentó en 413.000 personas durante el último año y llegó a más de 10 millones de trabajadores. El crecimiento representa alrededor de siete de cada diez nuevos ocupados contabilizados en el país.

También aumentaron los patronos o empleadores, con 150.000 personas adicionales, y los empleados del Gobierno, con un incremento de 130.000. En contraste, el número de jornaleros o peones disminuyó en 185.000.

La composición del crecimiento es relevante para leer con mayor precisión la cifra de desempleo. Una reducción de la desocupación y un aumento de los ocupados muestran una mejora en los indicadores básicos, pero el tipo de vínculo laboral permite observar otras características del mercado.

En ese sentido, el crecimiento de los trabajadores independientes tiene un peso considerable en el resultado nacional. El empleo particular apenas aumentó en 39.000 personas, una cifra considerablemente menor frente al incremento registrado entre quienes trabajan por cuenta propia.

La reducción del desempleo tampoco significa la desaparición de los problemas estructurales del mercado laboral. La informalidad se ubicó en 54,5% durante julio, apenas 0,3 puntos porcentuales por debajo del 54,8% registrado un año antes.

En otras palabras, más de la mitad de los trabajadores ocupados del país continúa en condición de informalidad. El indicador fue menor en las 13 ciudades y áreas metropolitanas, donde llegó a 40,5%, pero aumentó de manera considerable fuera de los principales centros urbanos.

En los centros poblados y el área rural dispersa, la informalidad alcanzó 82,5%. La diferencia frente a las principales ciudades muestra una brecha territorial todavía amplia en materia de acceso a empleos con condiciones formales.

La situación adquiere mayor relevancia al observar el comportamiento del empleo por cuenta propia y la pérdida de puestos en el sector agropecuario. Una parte importante de la población ocupada continúa dependiendo de actividades independientes o informales, especialmente en territorios rurales.

Los resultados también muestran diferencias marcadas entre las principales ciudades del país. Durante el trimestre móvil mayo julio, Quibdó presentó la tasa de desocupación más alta, con 23%, seguida por Cartagena, con 13,6%, y Sincelejo, con 13%.

En el extremo contrario apareció Medellín, con 7%, seguida por Bucaramanga, con 7,2%, y Pereira, con 7,5%. Neiva, con 9,8%, quedó por encima de estas ciudades con menores niveles de desocupación, aunque presentó una reducción frente al 10,3% del año anterior.

La diferencia entre las ciudades confirma la existencia de comportamientos laborales distintos según la estructura económica de cada territorio. Mientras algunos mercados urbanos presentan niveles de desempleo cercanos al 7%, otros duplican o incluso triplican esas tasas.

En el caso de Neiva, el resultado combina una menor desocupación con un aumento considerable de la participación laboral y de la ocupación. El reto para la ciudad pasa ahora por sostener ese crecimiento y ampliar las oportunidades en actividades capaces de generar empleos estables.

Jóvenes y mujeres mantienen mayores dificultades

El informe también mantiene abiertas las brechas entre grupos de población. La tasa de desempleo nacional fue de 10,1% para las mujeres y de 6,7% para los hombres, una diferencia de 3,4 puntos porcentuales. Aunque la brecha se redujo frente al año anterior, las mujeres continúan registrando una mayor dificultad para acceder al empleo.

Entre los jóvenes de 15 a 28 años, la tasa de desocupación llegó a 14,1% durante el trimestre móvil mayo julio. Para las mujeres jóvenes alcanzó 17,5%, frente al 11,6% de los hombres jóvenes.",positivo
2026-09-01,Diario del Huila,"El Huila podría exportar USD 1.349 millones más, pero hay un problema: el 95 % sale como materia prima.","El Huila podría exportar USD 1.349 millones más, pero hay un problema: el 95 % sale como materia prima.

El Huila tiene un amplio margen para aumentar sus exportaciones, pero buena parte de su producción todavía sale sin transformación. A esto se suman una estructura empresarial dominada por microempresas y dificultades para convertir el crecimiento económico en más empleo.

El Huila tiene un potencial adicional de exportaciones estimado en USD 1.349 millones , de acuerdo con el estudio “Apuestas económicas para el Huila” , elaborado por el economista Luis Fernando Mejía . La cifra corresponde a una estimación sobre las oportunidades que tendría el departamento para ampliar sus ventas externas, no a recursos ya comprometidos ni a exportaciones aseguradas.

El dato contrasta con una de las principales limitaciones identificadas en el análisis: el 95 % de la oferta agroindustrial huilense todavía se comercializa como materia prima .

La conclusión apunta a un desafío que va más allá de producir más café, arroz, tilapia u otros bienes: el Huila necesita transformar una mayor proporción de lo que produce para capturar más valor antes de que sus productos lleguen a otros mercados.

“El reto es cómo poder sofisticar ese aparato productivo, que no sea solamente bienes primarios sino con un mayor valor agregado para que los rendimientos de esa etapa de comercialización queden en el departamento, en los productores”, explicó Mejía.

El planteamiento cobra relevancia porque el departamento ya ha mostrado capacidad para vender más al exterior. De acuerdo con el estudio, las exportaciones no mineroenergéticas se triplicaron en los últimos diez años .

La discusión ahora está en cuánto de ese crecimiento puede convertirse en mayores ingresos para las empresas y productores huilenses.

El 97,3 % de las empresas son microempresas

El otro gran cuello de botella está en el tamaño de las empresas.

El 97,3 % del tejido empresarial del Huila está compuesto por microempresas , mientras que una pequeña empresa llega a ser 10,5 veces más productiva por trabajador que una microempresa.

El problema es que muy pocas logran dar ese salto.

Solo el 2,1 % de las empresas sobrevivientes consiguió escalar de tamaño en un periodo de cinco años .

La cifra muestra una economía empresarial con dificultades para crecer. No basta con que nazcan nuevos negocios si una proporción muy pequeña consigue convertirse en empresas de mayor escala, productividad y capacidad para generar empleo.

Entre las barreras identificadas aparecen el costo de la formalidad, las dificultades para acceder a mercados y financiación, las brechas de capital humano y la necesidad de mejorar la conectividad física y digital.

El mercado de trabajo tampoco ofrece un panorama completamente favorable.

La tasa de desempleo de Neiva pasó del 11,2 % en 2015 al 9,2 % en 2025 .

Pero, pese a esa reducción, la ciudad terminó 2025 con 5.000 personas ocupadas menos que una década atrás .

El dato plantea una paradoja: una menor tasa de desempleo no necesariamente significa que la economía esté generando más puestos de trabajo.

El desafío es que el crecimiento de las empresas y de las exportaciones termine reflejándose en más empleos y mejores ingresos para la población .

Café, tilapia y arroz, entre las fortalezas del departamento

El Huila cuenta con sectores productivos que ya tienen reconocimiento nacional e internacional.

El departamento es líder en producción de café y tilapia y ocupa el segundo lugar en producción de arroz en Colombia.

Estas actividades constituyen una base importante para ampliar las ventas externas, pero el salto está en incorporar procesos de transformación, tecnología y comercialización que permitan vender productos con mayor valor agregado.

Para Mejía, el departamento tiene condiciones para hacerlo.

“El Huila tiene unas potencialidades enormes y un desarrollo agropecuario muy interesante. Es líder en la producción de café y tilapia, es el segundo productor de arroz a nivel nacional y tiene una visión de exportación muy importante”, señaló.

El desafío está en que esas fortalezas no se traduzcan únicamente en mayores volúmenes de materias primas vendidas, sino en productos transformados que permitan que una parte mayor del negocio permanezca en el territorio .

El análisis identifica cuatro sectores con posibilidades de impulsar la economía regional:

Pero el crecimiento de estos sectores dependerá de condiciones que atraviesan buena parte de la economía huilense: formalización, productividad empresarial, formación de trabajadores, conectividad y seguridad .

En otras palabras, el departamento enfrenta dos retos simultáneos: hacer crecer las empresas que ya existen y aumentar el valor de los productos que vende .

La apuesta es que el crecimiento no se quede en las cifras

Lina Marcela Carrera, presidenta ejecutiva de la Cámara de Comercio del Huila, señaló que uno de los retos será convertir los diagnósticos existentes en acciones medibles.

“Hoy nos quedamos con unas apuestas priorizadas, con unos indicadores a los cuales tenemos que hacer seguimiento, con unos responsables con los que es necesario trabajar y con una línea de tiempo”, afirmó.

Más allá de la presentación del estudio, los datos dejan una pregunta de fondo para el departamento: ¿cómo convertir su capacidad productiva en más riqueza local?

El Huila ya tiene productos, mercados y sectores con potencial. También tiene un margen estimado de USD 1.349 millones adicionales en exportaciones .

El estudio identifica un potencial adicional de exportaciones de USD 1.349 millones , pero convertir esa oportunidad en ventas efectivas dependerá de que el departamento avance en transformación, productividad y generación de valor agregado . Mientras el 95 % de la oferta agroindustrial continúe saliendo como materia prima , el gran desafío será que el Huila no solo exporte más, sino que capture una mayor parte del valor de lo que produce .

Le puede interesar: Incendios en Tolima ya arrasan 50.000 hectáreas y golpean a 28.000 productores",negativo
2026-09-01,Diario La Nación,"Del 11,8% al 9,8% bajó el desempleo en Neiva durante el gobierno Petro.","Del 11,8% al 9,8% bajó el desempleo en Neiva durante el gobierno Petro.

Con el expresidente Iván Duque, el desempleo en Neiva se ubicó en 11,8% en el ocaso de su gobierno. Ahora el expresidente Gustavo Petro la deja en 9,8%, pero no todo es ‘color de rosa’. ¿Qué otros cambios hubo durante estos años?

Continuando con la caída apreciada trimestre a trimestre durante todo el presente año, entre mayo y julio el desempleo en Neiva descendió y se ubicó en 9,8% frente al 10,3% arrojado durante el mismo periodo del año anterior, según informó ayer el Departamento Administrativo Nacional de Estadística (Dane).

Tras el cambio de gobierno, el nuevo director de la entidad estadística, Ricardo Valencia Ramírez, hizo una aclaración importante para despejar el manto de duda que algunos gremios económicos, como la Andi y Fenalco, han puesto sobre los datos que entrega el Dane. “No hemos encontrado ninguna anomalía en el cálculo de los indicadores del mercado laboral”, aseguró.

La medición divulgada ayer, corresponde a los tres últimos meses de gobierno del expresidente Gustavo Petro, es decir, mayo – julio, por lo que conviene analizar en retrospectiva cómo le fue a Neiva durante el cuatrienio, qué indicadores mejoraron y cuáles empeoraron frente al gobierno del expresidente Iván Duque. Además, son el punto de partida para el periodo de Abelardo De La Espriella.

Entre el ocaso de Duque versus el de Petro aumentó el empleo en la mayoría de sectores, en total, ocho de las 14 ramas de actividades analizadas por el Dane.

Creció en agricultura, ganadería, caza, silvicultura y pesca. En las industrias manufactureras. En el comercio y la reparación de vehículos. En alojamiento y servicios de comida (el mayor incremento). En transporte y almacenamiento. En actividades inmobiliarias. En actividades profesionales, científicas, técnicas y servicios administrativos. Y en administración pública y defensa, educación y atención de la salud humana (el segundo mayor incremento).

Por el contrario, se destruyeron puestos de trabajo en dos: explotación de minas y canteras. Y en la construcción. Estos fueron dos sectores duramente golpeados durante la era Petro.

Mientras que en cuatro más no hubo variaciones tan grandes: actividades artísticas, entretenimiento, recreación y otras actividades de servicios. Actividades financieras y de seguros. Información y comunicaciones. Y el suministro de electricidad, gas, agua y gestión de desechos.

Durante el trimestre mayo – julio del 2022, la tasa de desempleo en Neiva, es decir, quienes en edad de laborar no cuentan con un puesto de trabajo y están en búsqueda de uno, era del 11,8%, ahora el expresidente Gustavo Petro la deja 9,8%. La desocupación en la capital opita ha fluctuado trimestre a trimestre y alcanzó mínimos históricos.

En ese sentido, la población desocupada cayó de 19 mil neivanos a 17 mil de acuerdo con el Dane.

Por su parte, la tasa de ocupación, que agrupa a quienes cuentan con un empleo, creció entre ambos periodos y pasó del 53,9% al 57,4%.

Visto de otra manera, la población ocupada subió de 142 mil personas a 157 mil. “Nosotros podemos identificar, gracias a la Gran Encuesta Integrada de Hogares, que en este trimestre móvil de mayo – julio de 2026 se observaron 15.000 ocupados más que para el mismo trimestre móvil del año 2022”, le detalló el director a LA NACIÓN.

Otro dato que muestra un buen comportamiento es la fuerza del trabajo; la cual cobija tanto a quienes en edad de trabajar tienen empleo como a quienes no, pero están en búsqueda de uno. Sube de 160 mil en el ocaso del gobierno Duque a 174 mil al final de la era Petro. Esto muestra que ahora hay más personas interesadas en hacer parte del mercado laboral.

En sintonía con lo anterior, ahora son menos las personas por fuera del mercado laboral, que encierra a quienes que, aunque están en edad de trabajar, no cuentan con empleo pero, por distintas razones, tampoco están buscando en qué ocuparse. Aquí la población fuera de la fuerza de trabajo bajó de 102 mil a 99 mil neivanos.

El gran problema en Neiva continúa siendo la informalidad laboral que, en lugar de disminuir, en estos cuatro años empeoró frente a la herencia de Duque. Entre mayo y junio del presente año, se situó en el 48,7%, mientras que con Duque fue más baja: del 44,2% para el mismo periodo del 2022.

Era, además, el sexto nivel más bajo de informalidad del país, mientras que ahora es 13 más alto.

¿Cómo está Neiva en desempleo frente al resto de ciudades? Entre mayo y julio del presente año, la capital opita fue la octava con más desempleo en el país, incluso superó el promedio nacional tanto del país como de las 23 ciudades analizadas.

Algo similar se vio hace cuatro años, cuando superó tanto el promedio nacional como la tasa promedio de las otras ciudades y fue la número 12 en desempleo.

En suma, la calidad del empleo en Neiva es uno de los frentes en los que más deberá trabajar la administración municipal de la mano del gobierno del ‘Tigre’.

Ayer, el Dane también entregó el dato de desocupación del país. La tasa de desempleo en julio fue de 8,1%, la más baja para un mes de julio en los últimos 25 años. Pero a nivel nacional la informalidad tampoco cede.",positivo
2026-09-02,Diario La Nación,"Si no ahorra energía, pagará cargo adicional, recuerda ElectroHuila.","Si no ahorra energía, pagará cargo adicional, recuerda ElectroHuila.

Los colombianos están consumiendo más energía de la que el sistema puede realmente ofertar, por eso la CREG expidió la Resolución 101 120 de 2026, para que los hogares y pequeños negocios reduzcan su gasto. Así funcionará en Huila, según explicó Electrohuila.

Comienzan las medidas drásticas para propiciar un ahorro eficaz de energía en Colombia de cara a El Niño, un fenómeno que se traduce en menos lluvias en ciertas regiones del país, lo cual a su vez afecta el nivel de los embalses generadores de energía. Desde hace meses, XM, operador del Sistema Interconectado Nacional y administrador del Mercado de energía mayorista de Colombia, viene elevando alertas de un probable apagón en el país debido al mayor consumo de energía y la menor oferta disponible. Ahora, entra en vigor la primera acción: castigar a quienes consuman más de lo habitual.

La Comisión de Regulación de Energía y Gas (CREG) expidió la Resolución CREG 101 120 de 2026, mediante la cual estableció un programa transitorio de seis meses para que los hogares y pequeños negocios salvaguarden las fuentes naturales a través de la reducción de su consumo de energía. El objetivo es premiar mediante reconocimiento económico a quienes tengan un uso eficiente y cobrar más cuando se excedan.

La medida funcionará así: con base en su consumo promedio de los últimos 12 meses, ElectroHuila le informará mediante su factura cuál es el promedio mensual que puede gastar usted sin incurrir en penalidades. Esa será su meta para cada mes durante seis meses. El presente mes de septiembre será un periodo de pedagogía, pero a partir de octubre comienzan los castigos o premios dependiendo de su comportamiento.

Hay tres escenarios posibles, según explicó ElectroHuila.

De ahorro: Que usted se ubique en zona de ahorro y consuma menos del 10% de su meta. Si lo logra, recibirá un incentivo económico que se reflejará como saldo a favor en su factura al cierre del programa y según los recursos recaudados en el mercado.

Normal: Que usted se sitúe entre el -10% y +10% de su meta. Si ocurre, usted pagará su factura de siempre.

Castigo: Que usted consuma más del 10% de su meta, donde tendrá que pagar un cobro adicional por excedente. Los kWh excedentarios tienen un costo superior. Para estratos 1, 2 y 3, será del 30% más. 4, 5 y 6 del 50%. Y para los industriales y comercios regulados del 70%.

Es decir que, por ejemplo, si un usuario tiene como meta 100 kWh, y presenta un consumo de 115 kWh, tendrá un cobro adicional por 5 kWh, dependiendo de qué tipo de usuario sea. En contraparte, si un hogar con esta misma meta presenta un consumo de 85 kWh, podrá acceder a un beneficio en su factura al cierre del programa, si los recursos recaudados lo permiten.

La CREG recalcó que la meta por hogar nunca será inferior al consumo mínimo de subsistencia que corresponde al usuario.

Asimismo, este cobro es transitorio y propio del programa: no modifica la tarifa del servicio de energía ni forma parte de ella y los recursos recaudados no ingresan al patrimonio de las empresas.

La directora ejecutiva de la CREG, Adriana María Jiménez, advirtió que “los pronósticos internacionales estiman una probabilidad de hasta el 81% de que El Niño alcance una intensidad muy fuerte entre octubre y diciembre de 2026, con menores aportes de agua a los embalses justo cuando la demanda de energía alcanza máximos históricos. Actuar desde ya es la mejor forma de cuidar nuestras reservas hídricas. Ahorrar no es un castigo, es una invitación a que todos pongamos nuestro grano de energía. Lo que ahorremos hoy nos ayudará a contar con la energía que necesitaremos mañana”.

• Usuarios que tienen medidor prepago o servicio suspendido, hospitales, colegios y organismos de emergencia y seguridad, entre otros.

• Usuarios regulados ubicados en los municipios que la UNGRD identificó oficialmente como afectados por el terremoto del 10 de agosto de 2026.

• Usuarios que dependan de equipos eléctricos por condiciones médicas.",negativo
2026-09-02,Diario del Huila,Cartera hipotecaria de vivienda llegó a $160.2 billones en Colombia.,"Cartera hipotecaria de vivienda llegó a $160.2 billones en Colombia.

El saldo de la cartera hipotecaria de vivienda en Colombia continuó aumentando durante el segundo trimestre de 2026 y alcanzó los $160.229 miles de millones, de acuerdo con las cifras divulgadas por el Departamento Administrativo Nacional de Estadística, DANE.

El monto representa un incremento de 1,3% frente al primer trimestre de este año y un crecimiento de 10,9% en comparación con el mismo periodo de 2025. Las cifras incluyen las obligaciones vigentes de los hogares y demás deudores con las entidades que financian la compra de vivienda en el país.

Del saldo total registrado entre abril y junio, el 82,7% correspondió a cartera de créditos de vivienda, mientras que el 17,3% restante estuvo representado por operaciones de leasing habitacional.

Los créditos hipotecarios continúan concentrando la mayor parte de los recursos financiados para la adquisición de vivienda. El leasing habitacional, por su parte, mantiene una participación menor dentro del total de la cartera, aunque también hace parte de las alternativas utilizadas para acceder a una vivienda mediante financiación.

El reporte del DANE mide el comportamiento del saldo de capital de las obligaciones hipotecarias y permite establecer la evolución de los recursos que permanecen financiados por las entidades del sector.

La comparación anual muestra que la cartera hipotecaria registró un aumento de 10,9% frente al segundo trimestre de 2025. Esto significa que, en un año, el saldo de capital pendiente dentro de los créditos y contratos de leasing habitacional creció en más de 10%.

En términos trimestrales, el aumento fue de 1,3%, al comparar el resultado del segundo trimestre con el registrado entre enero y marzo de 2026.

El comportamiento de la cartera está relacionado con la dinámica de los créditos otorgados para vivienda, los desembolsos realizados por las entidades financieras y el saldo que permanece pendiente de pago por parte de los hogares.

Más de $160 billones en obligaciones de vivienda

El resultado del segundo trimestre deja el saldo total de la cartera hipotecaria en $160.229 miles de millones, una cifra que reúne los créditos de vivienda y las operaciones de leasing habitacional vigentes en el sistema.

El crecimiento frente a 2025 muestra que el volumen de recursos comprometidos en la financiación de vivienda fue mayor al registrado un año atrás, mientras que el incremento trimestral mantiene la tendencia de aumento observada en el saldo de capital.

Las cifras hacen parte de la operación estadística de Cartera Hipotecaria de Vivienda, mediante la cual el DANE realiza seguimiento al comportamiento de las obligaciones relacionadas con la financiación de inmuebles destinados a vivienda.

El informe completo, con los resultados y anexos estadísticos del segundo trimestre de 2026, fue publicado por la entidad y permite revisar en detalle el comportamiento de este sector.",positivo
2026-09-02,Diario del Huila,DIAN ofrece facilidad de pago para declaración de renta sin liquidez.,"DIAN ofrece facilidad de pago para declaración de renta sin liquidez.

Miles de contribuyentes colombianos enfrentan una pregunta cada septiembre: ¿qué hacer si presento mi declaración de renta y no tengo todo el dinero para pagarla? La DIAN ofrece una alternativa a través de la facilidad de pago, un mecanismo que permite organizar la deuda en cuotas y establecer un plazo para cumplir. Este acuerdo no elimina la obligación ni los intereses, pero frena el cobro forzado mientras el contribuyente cumple su compromiso. Con el calendario tributario en marcha, es fundamental entender los requisitos, los costos y las condiciones de esta opción.

El calendario de la DIAN establece fechas clave para las personas naturales. Este 1.º de septiembre deben declarar quienes tienen NIT terminado en 27 y 28 . El plazo se extiende hasta el 28 de septiembre para las terminaciones entre 27 y 66. La entidad proyecta que siete millones de contribuyentes presentarán su declaración del año gravable 2025. El recaudo estimado asciende a $6,1 billones . La cercanía de estas fechas genera presión sobre quienes no disponen de la liquidez suficiente.

Declarar y pagar no son la misma obligación, aunque comparten el mismo vencimiento. Presentar la declaración a tiempo evita la sanción por declarar tarde. Sin embargo, si el contribuyente no cancela el saldo, la obligación entra en mora y genera intereses. La sanción por presentar la declaración después del vencimiento equivale al 5 % del impuesto por cada mes de retraso. Esta sanción puede llegar hasta el 100 % del valor adeudado. La sanción mínima establecida para 2026 es de $523.740 .

¿Cómo funciona la facilidad de pago de la DIAN?

Una vez vencido el plazo, el contribuyente puede solicitar gratuitamente una facilidad de pago ante la DIAN . La entidad evalúa aspectos como el monto adeudado, los ingresos del solicitante y su capacidad de pago. Olga Viviana Tapias , socia de Impuestos de Russell Bedford Colombia , explicó que este mecanismo no borra la deuda ni los intereses. «Lo que hace es organizarla en un plazo y frenar el cobro forzado mientras usted cumple», precisó la experta.

El plazo puede llegar hasta cinco años, según las condiciones del acuerdo. Para solicitudes de hasta un año, no se requiere garantía si el contribuyente no incumplió otra facilidad en el año anterior. Para plazos mayores, la DIAN exige garantías aceptadas. Estas incluyen pólizas, hipotecas, avales bancarios o garantías personales. Esta última es viable cuando la deuda no supera los $157.122.000 .

El contribuyente debe considerar que la DIAN puede exigir un abono inicial del 30 % de la deuda. Este requisito fue confirmado en un concepto expedido en abril. No ocurre en todos los casos, pero debe contemplarse en la planeación financiera. Por ejemplo, una deuda de $3 millones podría requerir un pago inicial antes de establecer el esquema de cuotas. La solicitud debe presentarse mediante el sistema virtual PQSR de la DIAN o en la dirección seccional del RUT .

Intereses y costos de la facilidad de pago

Solicitar una facilidad de pago no congela la deuda ni suspende los intereses. La tasa de interés de mora tributaria para septiembre de 2026 es de 27,24 % efectivo anual. Esta tasa representa una reducción frente al 27,66 % vigente en agosto. Una deuda de $3 millones genera aproximadamente $2.239 diarios en intereses. En 30 días, el costo adicional asciende a cerca de $67.200 .

El contribuyente debe comparar este costo con otras alternativas de financiación. Para septiembre, el interés bancario corriente es de 19,49 % . Un crédito bancario no siempre resulta más barato debido a seguros y comisiones. Un avance de tarjeta de crédito puede acercarse al límite de usura de 29,24 % . La decisión debe considerar todos los costos asociados a cada opción.

Olga Viviana Tapias advirtió sobre el error más común entre los contribuyentes. «El error más común es proponer cuotas demasiado altas o comprometer un abono que después no se puede cumplir», señaló. Conseguir un acuerdo que luego se incumple deja al contribuyente en una situación peor. El incumplimiento puede llevar a la cancelación del acuerdo y la reactivación del cobro forzado.

Recomendaciones finales para los contribuyentes

El contribuyente debe presentar una carta con su nombre, NIT , cédula y datos de contacto. La solicitud debe detallar la deuda, proponer el plazo y las fechas de pago. También debe adjuntar soportes que acrediten sus ingresos. Para plazos superiores a un año, debe incluir la garantía correspondiente. El trámite no requiere intermediarios y es completamente gratuito.

El calendario tributario contempla una situación especial para ciertos contribuyentes. Aproximadamente 308.000 personas naturales en zonas afectadas por el terremoto tienen plazos extendidos. Para este grupo, el plazo para declarar y pagar será entre el 27 de octubre y el 13 de noviembre. La recomendación práctica es no confundir la falta de liquidez con la posibilidad de ignorar la obligación. La DIAN ofrece herramientas para cumplir, pero el contribuyente debe planificar responsablemente.",neutral
2026-09-02,Diario La Nación,No le vamos a firmar un cheque en blanco: Ponente de Presupuesto del ‘Tigre’.,"No le vamos a firmar un cheque en blanco: Ponente de Presupuesto del ‘Tigre’.

El senador del Pacto Histórico, Santiago Osorio, es uno de los ponentes del proyecto del Presupuesto General de la Nación del 2027, documento que estipula el monto de recursos con los que contará el gobierno del presidente Abelardo De La Espriella y su distribución.

Ayer, anunció que hará un control juicioso. “Lo dije antes y lo repito: no le vamos a firmar un cheque en blanco a este Gobierno. Vamos a argumentar cada punto, cada rubro, cada cifra, con juicio y con ojo crítico”. Además, criticó el aumento en el Presupuesto frente a la versión inicial del gobierno del expresidente Gustavo Petro. “Ya vimos lo que hicieron con la “austeridad” que prometieron en campaña: le sumaron $59 billones. El reto es dar la pelea para que no le metan tijera a la educación y a la inclusión social mientras protegen a los de siempre”.

Por su parte, el ministro de Hacienda, Miguel Gómez, ha insistido en que el aumento se debe a una sinceración en las cuentas públicas. “Lo que estamos haciendo es simplemente poniendo sobre la mesa lo que otros metían debajo del tapete. ¿Y qué quiere decir eso? Sí, son $634 billones porque había que sumar lo que estaba en rojo y mirar qué es lo que le debemos a la Nación”.

Entre los principales cambios del Presupuesto General de la Nación 2027 presentado por el gobierno De La Espriella, versus el radicado por el gobierno del expresidente Gustavo Petro, está el monto: sube de $576 billones a $636 billones, es decir, aumenta cerca de $60 billones.

Otro de los ponentes es el senador del Centro Democrático, Christian Garcés, a quien le preocupa el endeudamiento. “Nos preocupa el nivel de endeudamiento, pero respaldamos que el presupuesto refleje responsablemente la realidad de las finanzas públicas y las necesidades extraordinarias de inversión por el terremoto”.

El proyecto será analizado y debatido en las comisiones económicas del Congreso.",neutral
2026-09-02,Diario del Huila,Huila sería la base para producir fertilizantes en Colombia.,"Huila sería la base para producir fertilizantes en Colombia.

Colombia dio un primer paso para avanzar hacia la producción nacional de fertilizantes , con una iniciativa que tendría al Huila como punto de partida y que busca reducir los costos que actualmente enfrentan los agricultores por la compra de estos insumos en el exterior.

El Ministerio de Agricultura y Desarrollo Rural y la Gobernación del Huila anunciaron el inicio de un estudio de factibilidad para determinar si es viable instalar una planta que permita fabricar fertilizantes en el departamento.

La propuesta surge en medio de la preocupación por los altos precios de los insumos agrícolas importados , que impactan directamente la rentabilidad de los productores y elevan los costos de producción de alimentos.

El ministro de Agricultura, Indalecio Dangond Baquero , y el gobernador del Huila, Rodrigo Villalba , señalaron que el país necesita avanzar hacia una estrategia que permita producir internamente una mayor cantidad de los insumos requeridos por el campo.

La eventual planta de fertilizantes en Huila tendría inicialmente la capacidad de atender la demanda departamental. Sin embargo, la iniciativa contempla que, en una segunda etapa, pueda ampliar su cobertura hacia otras regiones agrícolas.

Entre los territorios mencionados están el Valle del Cauca, Cauca, el Eje Cafetero y la Altillanura , lo que convertiría al proyecto en una apuesta de alcance nacional si logra superar las etapas de estructuración y viabilidad.

La propuesta contempla la creación de una sociedad de economía mixta , en la que participarían diferentes actores públicos, financieros y productivos.

La estructura planteada incluiría al Ministerio de Agricultura, la Gobernación del Huila, el Fondo de Capital de Riesgo de Finagro, la Federación Nacional de Cafeteros y representantes de los productores de caña de azúcar y cacao .

El objetivo sería reunir recursos, conocimiento y capacidad productiva para determinar las condiciones necesarias para poner en marcha la iniciativa.

Buscan reducir la dependencia de las importaciones

Uno de los principales argumentos del Gobierno es la necesidad de disminuir la dependencia que tiene Colombia de los fertilizantes importados y, con ello, reducir la exposición del sector agropecuario a los cambios en los precios internacionales.

“No podemos seguir dependiendo exclusivamente de las importaciones de fertilizantes. Colombia tiene productores, territorio, conocimiento y capacidad para empezar a fabricar aquí los insumos que necesita nuestro campo”, afirmó el ministro Dangond.

La apuesta también busca disminuir la vulnerabilidad de los agricultores frente a interrupciones en las cadenas globales de suministro y variaciones en los mercados internacionales.

¿Cuánto podrían ahorrar los agricultores?

Por ahora, no existe una cifra oficial sobre el eventual ahorro para los productores , debido a que el proyecto apenas comienza su etapa de factibilidad.

El estudio deberá establecer, entre otros aspectos, las condiciones técnicas, financieras y productivas necesarias para determinar si la planta puede ser viable y cuál sería su capacidad.

El propósito expresado por el Gobierno es que producir alimentos en Colombia resulte “más barato y rentable” , reduciendo el peso que tienen los fertilizantes dentro de los costos agrícolas.

Para el Ministerio de Agricultura, el proyecto va más allá de la construcción de una infraestructura industrial. La intención es fortalecer la soberanía productiva , contribuir a la seguridad alimentaria y mejorar las condiciones económicas de los campesinos.

“Esta no es solamente una planta de fertilizantes. Es una apuesta por la soberanía productiva, la seguridad alimentaria y la rentabilidad del campesino”, sostuvo Dangond.

El Gobierno espera que una mayor proporción del valor que actualmente permanece en las cadenas internacionales pueda quedarse en Colombia y beneficiar directamente a los productores.

Aunque el anuncio abre la puerta a una eventual planta de fertilizantes en el Huila , el proyecto todavía está en una fase inicial.

El estudio de factibilidad será el encargado de determinar si existen las condiciones para materializar la iniciativa, cuánto podría costar, qué capacidad tendría y bajo qué modelo podría operar.

De concretarse, el proyecto convertiría al Huila en uno de los puntos de partida de una estrategia nacional para reducir el costo de los insumos agrícolas y disminuir la dependencia del mercado internacional .

Le puede interesar: «Estamos desbordados por la inseguridad»: alcalde de Acevedo",positivo
2026-09-03,Diario La Nación,“Los precios del arroz están reaccionando y van a subir más”.,"“Los precios del arroz están reaccionando y van a subir más”.

La menor oferta de arroz a nivel internacional está impactando a Colombia. A futuro, la proyección es compleja: las menores siembras debido a El Niño harán que el esencial alimento se encarezca más, advirtió en entrevista con LA NACIÓN el gerente general de Fedearroz, Rafael Hernández Lozano.

De cara al fenómeno de El Niño, los arroceros del Huila y Tolima están preocupados dada la gran cantidad de agua que requieren para sus cultivos. Esto prende las alarmas ante una eventual menor oferta del cereal y repunte en los precios. De estos y otros temas habló el gerente general de la Federación Nacional de Arroceros (Fedearroz), Rafael Hernández Lozano.

Gerente, ¿cómo los está impactando la sequía y cuál es la expectativa?

Hemos estado dando recomendaciones a los arroceros para el manejo del cultivo en este semestre, precisamente, por el fenómeno de El Niño, dentro de los cuales están temas como la planificación y diagnóstico del cultivo, programar las labores que se deben hacer, la elección de la variedad y la época de siembra. Eso es muy, muy importante porque hay variedades que son más resistentes a las altas temperaturas y a la sequía que otras. Sobre la época de siembra, la recomendación es que nadie vaya a sembrar después de septiembre, porque se expone a que lo coja la sequía en el peor momento, porque es justamente cuando el arroz requiere ser favorecido por el clima. También la preparación y la adecuación de los suelos, el manejo eficiente del agua, sobre todo porque si se hace una buena preparación y se utiliza el AMTEC, el consumo del agua es más bajo frente a como se hacía anteriormente.

¿Cuáles son los departamentos con más dificultades?

En este semestre se siembra en la zona de riego, que está concentrada especialmente en el Tolima y en el Huila. Y en ambos departamentos la sequía baja los niveles de los caudales de los ríos, entonces, el agua se vuelve más escasa. En los distritos están limitando el uso del agua, precisamente, porque no alcanza para toda el área. Por eso, las recomendaciones que está dando la Federación a los productores son muy importantes. La Federación tiene una plataforma climatológica donde están las predicciones del tiempo y las recomendaciones para los productores. Es muy importante que la consulten.

¿Es decir, que durante el presente semestre el departamento de Casanare, que es el que más siembra, estará solo recolectando?

En este momento se está recolectando la cosecha de secano en los Llanos Orientales y en La Mojana. Durante el segundo semestre se siembra únicamente bajo riego, porque las lluvias son mucho menores que las del primer semestre, entonces, no se siembra sino donde hay distritos de riego, especialmente en el Tolima, en el Huila y en el Valle del Cauca, y allí el área que se está sembrando será inferior.

En esta coyuntura, ¿cómo están los precios y qué se proyecta?

Los precios están reaccionando y van a subir más, porque en la medida en que haya menor oferta, pues, siempre el mercado sube. Y, además, está subiendo en el mercado internacional y ya comenzó a reaccionar aquí en Colombia. Los precios habían estado muy planos durante todo el año, no habían subido desde febrero hasta agosto, ya comenzaron a reaccionar en diferentes zonas y en la medida en que haya menor oferta, los precios van a subir. Desafortunadamente, el área no puede crecer, sino que va a disminuir por la escasez del agua.

Los rendimientos han estado más bajos que los de otros años, precisamente, por la variabilidad climática que se ha presentado. El área (sembrada) también disminuyó de una forma importante por el bajo precio: disminuyó cerca de 90 mil hectáreas, quiere decir que hay 500 mil toneladas menos en el mercado de lo que se está recolectando. Y, para completar, lo que se va a sembrar en este semestre también disminuirá. Por eso, hay que darle un muy buen manejo a lo que se siembre para que los agricultores no vayan a enfrentarse a un fracaso.

Finalmente, el alza de precios a nivel internacional, ¿a qué se debe? ¿También es por menor oferta?

La India es el país mayor exportador del mundo y, cuando él abre las puertas, el precio internacional se baja. En este momento, está cerrando las puertas a las exportaciones, porque también están cuidando la seguridad alimentaria y, entonces, al no exportar más, el mercado reacciona hacia arriba.",negativo
2026-09-03,Diario del Huila,Huila amplía su frontera cafetera y consolida 15 años de liderazgo nacional.,"Huila amplía su frontera cafetera y consolida 15 años de liderazgo nacional.

El departamento llegó a 150.135 hectáreas sembradas de café durante el primer semestre de 2026 y concentra cerca del 20% de la producción nacional. El reto ahora es transformar ese liderazgo en mayores ingresos para las familias productoras mediante calidad, cafés especiales, innovación y acceso a nuevos mercados.

El café continúa siendo uno de los principales motores de la economía rural del Huila. El departamento no solo conserva su condición de principal productor del país, sino que durante el primer semestre de 2026 volvió a ampliar el área destinada al cultivo, alcanzando 150.135 hectáreas sembradas , una cifra que representa un crecimiento de 0,45% frente a las 149.466 hectáreas registradas en 2025.

Con este resultado, el Huila completa 15 años consecutivos como primer productor de café de Colombia , consolidando una posición que le permite aportar cerca de uno de cada cinco sacos producidos en el país. En 2025, la participación huilense llegó al 19,65% de la producción nacional, superior al 19,08% alcanzado en 2024.

La cifra de hectáreas adquiere mayor relevancia cuando se observa la dimensión social de esta actividad. En el departamento existen 88.011 familias productoras , más de 103.700 fincas cafeteras y 35 municipios con vocación para este cultivo. Además, el café representa aproximadamente el 10,91% del Producto Interno Bruto departamental .

Es decir, detrás de las 150.135 hectáreas no solamente hay árboles de café. Hay miles de familias que dependen de las cosechas, trabajadores vinculados a las labores de campo, comerciantes, transportadores, compradores, trilladores y empresas que participan en una cadena que tiene un peso determinante en la economía huilense.

Un departamento que produce más que volumen

El liderazgo del Huila no se explica únicamente por la extensión de sus cafetales. También existe un componente relacionado con la productividad.

El departamento registra una productividad promedio de 22,36 sacos de café verde de 60 kilogramos por hectárea al año , de acuerdo con las cifras divulgadas por la Gobernación del Huila. En 2025, el departamento produjo 2.523.904 sacos de 60 kilogramos , equivalentes al 19,65% de la cosecha nacional.

La combinación de superficie, productividad y calidad ha permitido que el café huilense gane reconocimiento en los mercados nacionales e internacionales.

De hecho, el producto cuenta desde 2013 con Denominación de Origen Café de Huila , una figura que reconoce las características particulares del grano producido en el territorio. La Federación Nacional de Cafeteros destaca atributos como notas dulces, acidez y cuerpo medio o alto, además de fragancias y aromas intensos, con perfiles que pueden presentar sensaciones frutales y acarameladas.

Esta diferenciación constituye una de las principales oportunidades para el departamento. El desafío ya no consiste solamente en producir más café, sino en conseguir que una mayor proporción del valor generado por las características del grano llegue al productor.

Pitalito, Acevedo y La Plata, a la cabeza

La geografía cafetera huilense también muestra cuáles son los territorios que concentran buena parte de la actividad.

Pitalito encabeza el departamento con 17.790 hectáreas sembradas , equivalentes al 11,85% del área cafetera huilense. Le siguen Acevedo , con 14.319 hectáreas, y La Plata , con 11.550. Los dos primeros municipios, además, se encuentran entre los mayores productores de café del país.

El sur del Huila tiene un peso particularmente importante dentro de la caficultura departamental. La Federación Nacional de Cafeteros identifica a Pitalito y Acevedo como los dos municipios con mayor área sembrada de café en Colombia.

La actividad, sin embargo, está distribuida por buena parte del territorio. Las regiones centro, norte, sur y occidente cuentan con características de altura, clima, suelo y manejo que contribuyen a generar diferentes perfiles de taza.

Esto también abre una posibilidad comercial: que el Huila pueda presentar al mundo no solamente un café identificado con el departamento, sino una diversidad de cafés de origen, microlotes y perfiles diferenciados.

Cafés especiales, la apuesta por mayor valor

Uno de los principales retos de la caficultura huilense está precisamente en pasar de la lógica de producir volumen a una estrategia basada en valor agregado .

En 2025, los cafés especiales, de origen y diferenciados representaron el 63,4% de las exportaciones realizadas a través del Fondo Nacional del Café , de acuerdo con las cifras divulgadas por Agronegocios.

El dato muestra que existe un mercado que reconoce características particulares del café huilense y que puede pagar un mayor valor cuando se cumplen determinadas condiciones de calidad, origen y trazabilidad.

Pero ingresar y permanecer en esos mercados implica nuevos desafíos.

Los compradores internacionales demandan cada vez más información sobre el lugar donde fue producido el grano, las condiciones ambientales, los procesos de beneficio, la trazabilidad y las prácticas sostenibles utilizadas durante el cultivo.

En ese escenario, la caficultura huilense tiene que avanzar simultáneamente en productividad y sostenibilidad.

La transformación de la cadena también se está reflejando en nuevas inversiones.

Uno de los proyectos más recientes es la Central de Transformación y Beneficio Jorge Villamil Ortega , inaugurada en Gigante en mayo de este año con una inversión superior a $8.600 millones por parte de la Federación Nacional de Cafeteros.

La infraestructura tiene capacidad para procesar 35.000 kilos de café cereza al día y busca beneficiar a cerca de 4.000 caficultores de la zona.

Este tipo de infraestructura es importante porque permite que el café pueda avanzar dentro de la cadena productiva sin que todo el valor de la transformación quede fuera del departamento.

El objetivo es que el Huila deje progresivamente de ser identificado únicamente como territorio productor de materia prima y fortalezca su capacidad para beneficiar, transformar, comercializar y posicionar su propio café.

La apuesta también incluye procesos de renovación de cafetales.

Otro proyecto, enfocado en soluciones tecnológicas y ambientalmente sostenibles para los procesos de postcosecha, fue estructurado por más de $11.318 millones y contempla beneficiar a 618 productores de seis municipios.

Una caficultura cada vez más joven y resistente

La renovación también busca preparar al departamento para los desafíos climáticos y fitosanitarios.

Según la Gobernación, el 80,45% del área sembrada de café en el Huila corresponde a variedades resistentes a la roya , mientras que el departamento cuenta con uno de los cafetales más jóvenes del país, con una edad promedio cercana a los cinco años.

Estos indicadores son relevantes porque una caficultura renovada puede tener mejores condiciones para enfrentar enfermedades y mejorar los rendimientos.

Sin embargo, el cambio climático continúa siendo uno de los grandes riesgos para el sector. Los períodos de lluvias intensas, las alteraciones en las floraciones, las temporadas secas y las variaciones de temperatura pueden modificar los ciclos productivos y afectar tanto la cantidad como la calidad del grano.

El desafío será mantener la productividad sin comprometer los recursos naturales de los que depende la actividad.

Colombia produjo menos café en el primer semestre

El liderazgo huilense adquiere especial importancia si se observa el comportamiento de la producción nacional.

Durante los primeros seis meses de 2026, Colombia produjo 5,57 millones de sacos de 60 kilogramos , un volumen 10% inferior al registrado durante el mismo periodo del año anterior. Sin embargo, junio presentó una recuperación importante: se produjeron 1,30 millones de sacos, 43% más que en junio de 2025.

La situación evidencia la sensibilidad de la caficultura frente a las condiciones climáticas.

La Federación Nacional de Cafeteros ha advertido que el exceso de lluvias también puede afectar procesos fundamentales como la floración. Las alteraciones climáticas, sumadas a los costos de producción y a las condiciones del mercado internacional, hacen que el panorama no sea sencillo para los productores.

Para el Huila, mantener el liderazgo en este escenario representa un logro, pero también una responsabilidad: continuar elevando la productividad y calidad para compensar eventuales dificultades en el mercado o en la producción nacional.

El café continúa siendo además una fuente importante de ingresos externos para el departamento.

La Gobernación señala que la comercialización del café ha permitido ingresos de divisas superiores a $3 billones anuales , mientras que las diferentes actividades relacionadas con el cultivo generan más de 100.000 empleos durante el año.

En 2025, además, las exportaciones cafeteras huilenses mostraron un comportamiento favorable. Entre enero y julio de ese año alcanzaron 698,64 millones de dólares , un crecimiento de 67,9% frente al mismo periodo de 2024.

Estos resultados refuerzan la importancia de que el departamento pueda acceder a mercados que reconozcan no solamente el volumen, sino las características particulares del café producido en las montañas huilenses.

Uno de los nuevos retos está relacionado con las exigencias ambientales de los mercados internacionales. La entrada en aplicación del reglamento europeo contra la deforestación, conocido como EUDR, obligará a demostrar que productos como el café no provienen de áreas deforestadas.

En este frente, el Huila viene desarrollando un proyecto piloto con la Unión Europea, la Agencia Italiana de Cooperación para el Desarrollo y la FAO para avanzar en los procesos necesarios para cumplir con estas exigencias. La meta es que el departamento pueda posicionarse como proveedor de café libre de deforestación para el mercado europeo.

La transformación del sector también está llegando al campo educativo.

En mayo de 2026 fue oficializada la Escuela Universitaria del Café , después de que el Ministerio de Educación aprobara los registros calificados de seis programas académicos articulados alrededor de la Ingeniería del Café.

La iniciativa busca formar profesionales especializados en la cadena cafetera y plantea una visión distinta para el futuro del departamento: que el Huila no solamente produzca café, sino que genere conocimiento, tecnología e innovación alrededor de este producto.

Esta apuesta resulta estratégica ante una actividad que necesita cada vez más profesionales capaces de responder a los desafíos de productividad, transformación, comercialización, sostenibilidad y adaptación climática.

El reto: que el liderazgo se traduzca en bienestar

Las 150.135 hectáreas sembradas son una señal de fortaleza para la caficultura huilense. Pero también plantean una pregunta de fondo: ¿cómo convertir ese liderazgo productivo en mayores ingresos y mejores condiciones de vida para las familias cafeteras?

El departamento ya cuenta con volumen, reconocimiento internacional, Denominación de Origen, infraestructura en transformación, variedades resistentes y una creciente oferta de cafés especiales.

Ahora el reto está en conectar todos esos elementos.

Eso significa fortalecer la comercialización directa, ampliar los mercados, mejorar los procesos de beneficio y transformación, garantizar la trazabilidad, avanzar en sostenibilidad y lograr que los productores puedan capturar una mayor proporción del valor que genera su café.

El escenario internacional tampoco da margen para conformarse. La volatilidad de los precios, los cambios climáticos, las exigencias ambientales y las nuevas preferencias de los consumidores obligan a una transformación permanente.

Por eso, el nuevo récord de área cafetera debe verse como un punto de partida y no como una meta final.

El Huila lleva 15 años liderando la producción nacional . Ahora tiene la oportunidad de convertir ese liderazgo en una marca territorial fuerte, en mayor valor agregado y en mejores oportunidades para las miles de familias que, desde las montañas de 35 municipios, continúan haciendo del café uno de los principales símbolos económicos del departamento.

Le puede interesar: Pareja cayó con marihuana, cocaína y tusi en Pitalito",positivo
2026-09-03,Diario La Nación,“Milagro por la Internacionalización del Huila”.,"“Milagro por la Internacionalización del Huila”.

El gobernador Rodrigo Villalba Mosquera celebró que ayer el departamento dio “un paso decisivo para que el Huila trascienda fronteras y se conecte con el mundo”.

Según el mandatario, fue firmado un documento que hará más notoria a la región opita en el panorama internacional.

“Firmamos el convenio Huila Sin Fronteras, en el marco del Acuerdo Macro: Milagro por la Internacionalización del Huila, una alianza que nos permitirá unir esfuerzos técnicos, administrativos y financieros para fortalecer la competitividad de nuestro departamento y promover nuestros sectores agropecuario, agroindustrial y comercial en escenarios nacionales e internacionales”, detalló.

Villalba agradeció la presencia y el compromiso de Lina Carrera, presidenta de la Cámara de Comercio del Huila; la presidenta de la Cámara Colombo Americana, María Claudia Lacouture; el presidente de Confecámaras, Nicolás Botero Páramo; y el alcalde de Neiva, Germán Casagua Bonilla, “quienes se suman a esta visión de construir un territorio más competitivo, con mayores oportunidades para nuestros productores, empresarios y emprendedores”, puntualizó.",positivo
2026-09-03,Diario del Huila,"Colombia se acerca a las 900.000 motos nuevas y el mercado crece 28,94%.","Colombia se acerca a las 900.000 motos nuevas y el mercado crece 28,94%.

Entre enero y agosto de 2026 se registraron 899.078 motocicletas nuevas en el país, más de 200.000 unidades por encima del mismo periodo de 2025. Bajaj, Suzuki y AKT lideran el mercado, mientras las motos de bajo y mediano cilindraje mantienen la mayor demanda.

El mercado de motocicletas en Colombia continúa acelerando durante 2026. Entre enero y agosto se registraron 899.078 motocicletas nuevas , una cifra que deja al país a las puertas de superar las 900.000 unidades y que representa un crecimiento acumulado de 28,94 % frente al mismo periodo de 2025.

El resultado significa que en los primeros ocho meses del año ingresaron al mercado colombiano 201.806 motocicletas más que durante el mismo periodo del año anterior, cuando se habían registrado 697.272 unidades.

Las cifras hacen parte del informe elaborado por la Cámara de la Industria de Motocicletas de la ANDI y Fenalco, que evidencia el fuerte dinamismo que mantiene este segmento y su importancia dentro de la movilidad y la economía nacional.

El comportamiento también se refleja en el resultado específico de agosto. Durante ese mes se registraron 111.896 motocicletas nuevas , lo que significó un incremento de 17,83 % frente a las 94.966 unidades matriculadas en agosto de 2025.

Sin embargo, el resultado mensual tuvo una disminución de 15,19 % frente a julio. De acuerdo con los gremios, esta reducción corresponde principalmente a una corrección después del elevado nivel de registros alcanzado durante el mes anterior, por lo que no cambia la tendencia positiva que ha mostrado el mercado durante el año.

La competencia entre fabricantes se mantiene cerrada, aunque algunas marcas han logrado tomar ventaja.

En el acumulado entre enero y agosto, Bajaj ocupa el primer lugar con 155.091 motocicletas registradas , equivalentes al 17,25 % del mercado.

En segundo lugar, aparece Suzuki , con 138.391 unidades y una participación de 15,39 %, mientras AKT ocupa la tercera posición con 129.846 motocicletas, equivalentes al 14,44 %.

El grupo de las cinco principales marcas lo completan Honda , con 128.860 registros, y Yamaha , con 115.470 unidades. En conjunto, estos cinco fabricantes concentran aproximadamente el 74 % del mercado nacional de motocicletas nuevas.

En agosto, el orden fue ligeramente diferente. Bajaj volvió a liderar con 18.575 motocicletas y una participación de 16,60 %. AKT ocupó el segundo lugar con 16.932 unidades, seguida muy de cerca por Suzuki, que registró 16.770.

Honda alcanzó 15.973 unidades y Yamaha 15.186 durante el octavo mes del año.

La competencia demuestra el tamaño que ha adquirido el mercado colombiano, en el que las motocicletas dejaron de ser únicamente una alternativa de transporte individual para convertirse también en una herramienta fundamental para actividades laborales y productivas.

Las motos de trabajo mantienen el protagonismo

Uno de los elementos que explica el comportamiento del mercado está relacionado con las características de las motocicletas que más compran los colombianos.

Durante agosto, el segmento entre 101 y 125 centímetros cúbicos concentró el 46,43 % de los registros. Es decir, prácticamente una de cada dos motocicletas nuevas perteneció a este rango.

En segundo lugar se ubicaron las motocicletas de 151 a 200 cc , con una participación de 29,39 %, mientras que las de 126 a 150 cc representaron el 15,04 %.

Las motocicletas superiores a 200 cc tuvieron una participación mucho menor, de 5,81 %.

La distribución evidencia la preferencia por vehículos relativamente económicos, funcionales y destinados principalmente a desplazamientos cotidianos y actividades productivas.

Entre los modelos más registrados durante agosto estuvieron la AKT AK125NKD , con 7.297 unidades; la Yamaha NMAX155 , con 4.516, y la Bajaj CT100 ES Spoke , con 4.207 motocicletas.

Las diez líneas de motocicletas más registradas representaron el 35,03 % del total nacional del mes, una concentración que los gremios relacionan con la elevada demanda de vehículos utilizados para productividad y movilidad.

El crecimiento del mercado no se distribuye de manera uniforme por el territorio nacional.

Durante agosto, Cundinamarca, Antioquia y Valle del Cauca fueron los departamentos con mayor cantidad de registros de motocicletas nuevas, con participaciones de 18,82 %, 17,31 % y 9,56 %, respectivamente.

A nivel municipal, Sabaneta, Funza y El Cerrito encabezaron el listado de registros.

Este comportamiento muestra que la motocicleta tiene una importancia que va más allá de las grandes ciudades. En municipios intermedios y zonas rurales se ha convertido en una herramienta para facilitar el desplazamiento entre las viviendas, los lugares de trabajo y los centros urbanos.

También es utilizada por trabajadores independientes, pequeños comerciantes, repartidores y personas que necesitan reducir sus tiempos y costos de transporte.

Un mercado que se acerca al millón de unidades

Con 899.078 motocicletas registradas entre enero y agosto, el mercado colombiano se encuentra a apenas 922 unidades de alcanzar las 900.000 .

La cifra permite anticipar que septiembre podría marcar un nuevo hito para la industria si se mantiene un comportamiento similar al registrado durante los últimos meses.

El dinamismo también tiene implicaciones para las ciudades y municipios, que enfrentan el desafío de adaptar sus sistemas de movilidad a un parque automotor en el que las motos tienen cada vez mayor participación.

El aumento de motocicletas también plantea desafíos importantes para el país.

A medida que crece el número de vehículos de dos ruedas en las calles, resulta fundamental fortalecer las estrategias de seguridad vial, capacitación de conductores, mantenimiento de las motocicletas y cumplimiento de las normas de tránsito.

El crecimiento comercial, por tanto, debe estar acompañado de mejores condiciones para que quienes utilizan estos vehículos puedan hacerlo de manera segura.

Para la industria, entretanto, las cifras representan una señal positiva. El mercado acumula ocho meses de crecimiento y se aproxima rápidamente a una cifra que hasta hace pocos años parecía difícil de alcanzar.

Colombia mantiene así una fuerte demanda por las motocicletas, impulsada principalmente por los segmentos de bajo y mediano cilindraje y por consumidores que encuentran en estos vehículos una alternativa de movilidad y, en muchos casos, una herramienta indispensable para generar ingresos.

Con 899.078 unidades registradas hasta agosto , el mercado ya tiene prácticamente asegurado un nuevo año de expansión. La pregunta ahora es hasta dónde llegará la cifra cuando termine 2026 y si el sector logrará convertir este crecimiento en una movilidad más eficiente, accesible y segura para los millones de colombianos que utilizan diariamente las motocicletas.",positivo
2026-09-04,Diario La Nación,El comercio electrónico alcanza nuevo récord de transacciones.,"El comercio electrónico alcanza nuevo récord de transacciones.

De acuerdo con la Cámara Colombiana de Comercio Electrónico, se alcanzó $41,81 billones en ventas. Cada vez los ciudadanos ganan más confianza en este canal. “Está incorporándose con mayor frecuencia a las decisiones cotidianas de consumo”.

El comercio electrónico colombiano registró durante el segundo trimestre de 2026 su mayor número de transacciones para un segundo trimestre desde el inicio de la serie en 2019. De acuerdo con la Cámara Colombiana de Comercio Electrónico (CCCE), entre abril y junio se realizaron 223,87 millones de compras en línea, un crecimiento de 31,1% frente al mismo periodo de 2025, equivalente a 53 millones de transacciones adicionales.

El crecimiento también se reflejó en el valor de las ventas. Durante el trimestre, el comercio electrónico alcanzó $41,81 billones, un aumento de 20,5% frente al segundo trimestre de 2025, cuando se registraron $34,69 billones. Al descontar el efecto de la inflación, las ventas llegaron a $28,78 billones de pesos constantes, con un crecimiento real de 13,8% frente al mismo periodo del año anterior. Esto confirma que el comercio electrónico mantiene una expansión real y que el aumento de las ventas no responde únicamente al incremento de los precios.

“Los resultados del segundo trimestre muestran que el crecimiento del comercio electrónico está cada vez más relacionado con la frecuencia con la que los consumidores utilizan el canal digital. El aumento que estamos viendo en las transacciones, acompañado por una reducción del ticket promedio, indica que comprar en línea está incorporándose con mayor frecuencia a las decisiones cotidianas de consumo”, explica María Fernanda Quiñones, presidente ejecutiva de la Cámara Colombiana de Comercio Electrónico.

Estos fueron los principales indicadores del comportamiento del eCommerce en Colombia durante el segundo trimestre de 2026:

“El crecimiento de las transacciones confirma que el comercio electrónico está ampliando su presencia en distintos momentos y necesidades de consumo. Para las empresas, esto implica una oportunidad para fortalecer sus capacidades digitales, pero también la necesidad de ofrecer experiencias de compra cada vez más simples, confiables y adaptadas a diferentes tipos de transacción”, concluyó María Fernanda Quiñones, presidenta ejecutiva de la Cámara Colombiana de Comercio Electrónico.

Desde la demanda, los datos de la Encuesta Nacional de Calidad de Vida de 2025 (DANE, 2026) permiten estimar cerca de 907.000 personas que usan internet en Huila (esto es 74 % del total de la población del departamento), de los cuales aproximadamente 102.000 realizan compras o pedidos por internet. Esto equivale a una tasa de compra digital de 11,2 % y ubica al departamento en la posición 18 a nivel nacional. Los compradores digitales del Huila representan alrededor de 1,3% del total nacional.

Por el lado de la oferta, se estiman alrededor de 31.000 personas que utilizan internet para vender productos o servicios, equivalentes al 3,4 % de los internautas. Es decir, hay aproximadamente 31 vendedores digitales por cada 100 compradores, lo que sugiere que la participación del departamento como oferente dentro de la economía digital todavía tiene margen importante de crecimiento.",positivo
2026-09-04,Diario del Huila,La seguridad del Huila no puede bajar la guardia.,"La seguridad del Huila no puede bajar la guardia.

El Huila atraviesa un momento en el que reconocer los avances en materia de seguridad no puede significar ignorar las amenazas que todavía persisten. Esa es, quizás, una de las principales conclusiones que deja el reciente encuentro entre los gremios económicos y las autoridades del departamento: existen resultados operativos que deben valorarse, pero la extorsión continúa siendo una preocupación para quienes trabajan, producen y generan empleo en la región.

Los resultados conocidos muestran que la Fuerza Pública mantiene una ofensiva contra las estructuras delincuenciales. El Gaula Militar reportó 24 capturas por extorsión en lo corrido del año, cinco más que en el mismo periodo anterior. Sin embargo, frente a estas cifras aparece otra realidad que no puede ignorarse: apenas 35 casos han sido denunciados formalmente.

El problema, entonces, no termina con las capturas. La extorsión funciona precisamente a partir del miedo y del silencio. Empresarios, cafeteros, agricultores, ganaderos y transportadores pueden convertirse en víctimas, mientras algunos prefieren pagar pequeñas cantidades antes que exponerse a denunciar y esperar una respuesta institucional.

Ese círculo debe romperse. Y para conseguirlo se necesita mucho más que una operación militar. Se requiere confianza. Un ciudadano que denuncia debe tener la certeza de que su información será manejada con seguridad y que las instituciones estarán a su lado. Por eso resulta fundamental insistir en campañas de orientación y acompañamiento, especialmente en las zonas rurales donde el acceso a las instituciones puede ser más limitado.

También es necesario entender que la seguridad del Huila no puede analizarse únicamente desde las cifras. Como lo planteó la presidenta de la Cámara de Comercio, existe una diferencia entre los registros oficiales y la percepción de los ciudadanos, precisamente porque hay hechos que nunca llegan a conocimiento de las autoridades.

Por eso, la reducción de determinados delitos debe celebrarse, pero también debe servir como punto de partida para redoblar esfuerzos. Una cifra favorable no puede convertirse en motivo para bajar la guardia.

En ese contexto cobra especial importancia la gestión para lograr el regreso de la Fuerza de Despliegue Rápido al occidente del departamento. La FUDRA fue retirada en marzo y su ausencia generó preocupación en una zona estratégica por su cercanía con el Cauca y por la presencia de estructuras armadas ilegales. El gobernador Rodrigo Villalba aseguró que las conversaciones para su retorno continúan.

El mensaje debe ser claro: el Huila necesita presencia institucional permanente y capacidad de reacción, pero también prevención, inteligencia, tecnología y coordinación entre las autoridades y la ciudadanía.

La seguridad tampoco puede convertirse en un asunto exclusivamente de gobiernos o de la Fuerza Pública. Los sectores productivos tienen un papel fundamental, tanto en la denuncia como en la construcción de estrategias que permitan identificar las nuevas modalidades de los grupos delincuenciales.

El departamento tiene derecho a reconocer el trabajo de sus instituciones y, al mismo tiempo, exigir resultados mayores. Ambas posiciones no son contradictorias. De hecho, son necesarias para construir una política de seguridad seria.

La extorsión no puede convertirse en un costo más de producir en el Huila ni en una amenaza que las familias deban aprender a soportar. Mientras existan empresarios que trabajen bajo presión, campesinos que paguen por miedo o comunidades que guarden silencio para protegerse, la tarea estará incompleta.

Reconocer los avances es justo. Pero mantener la guardia arriba es indispensable. El Huila necesita seguridad para vivir, producir y crecer, y esa responsabilidad exige que autoridades, gremios y ciudadanía sigan trabajando juntos.",negativo
2026-09-04,Diario La Nación,Se vienen descuentos para morosos del predial e ICA en Neiva.,"Se vienen descuentos para morosos del predial e ICA en Neiva.

En el marco de la declaratoria de emergencia económica nacional tras el sismo del 10 de agosto, donde se incluyó al departamento del Huila, en el Concejo de Neiva estudiarán un proyecto de acuerdo mediante el cual se busca alivianar ciertas cargas tributarias, como el predial e ICA para los contribuyentes del Municipio. La medida será transitoria y aplica para los morosos.

“Buscamos que quienes tienen deudas de predial, Industria y Comercio y demás rentas municipales puedan acceder a la reducción de multas, sanciones e intereses”, afirmó el concejal Juan Sebastián Prieto Pérez.

El proyecto de acuerdo debe debatirse en el Concejo de Neiva, pero ya cuenta con la venia de la administración municipal. “El gobierno municipal respalda esta propuesta que va a beneficiar a todos nuestros ciudadanos, a los empresarios: establecemos el 80% de exoneración en intereses y sanciones de Industria y Comercio, predial y todos los impuestos que tiene la administración”, anunció el alcalde German Casagua.

Los detalles, vigencias, plazos y otras minucias serán debatidos en la plenaria.",neutral
2026-09-04,Diario del Huila,Producción de café en Colombia cayó 12 % en agosto.,"Producción de café en Colombia cayó 12 % en agosto.

La producción nacional de café registró una nueva caída en agosto. Colombia produjo 1,09 millones de sacos de 60 kilogramos , una cifra que representa una disminución del 12 % frente al mismo mes de 2025, cuando se alcanzaron 1,24 millones de sacos.

El dato fue revelado por Germán Bahamón , gerente general de la Federación Nacional de Cafeteros (FNC), quien explicó que el comportamiento responde al ajuste productivo que había sido anticipado por el gremio.

“Este comportamiento está en línea con el ajuste productivo que hemos venido anticipando”, señaló Bahamón.

Producción acumula una caída del 15 % en 12 meses

El retroceso también se refleja en las cifras acumuladas.

Durante los últimos 12 meses, Colombia produjo 12,58 millones de sacos , lo que representa una reducción del 15 % frente al periodo anterior, cuando la producción llegó a 14,79 millones de sacos.

En lo corrido del año cafetero, el país acumula 11,43 millones de sacos , una disminución del 17 % frente al mismo periodo del año cafetero 2024-2025.

La tendencia contrasta con el comportamiento registrado en mayo y junio, los únicos meses del año en los que la producción superó los niveles de 2025.

En mayo se produjeron 1,05 millones de sacos , un aumento anual del 29,1 %, mientras que en junio se alcanzaron 1,30 millones de sacos , con un crecimiento del 43,4 %.

Sin embargo, en los demás meses se han registrado disminuciones frente a 2025, con variaciones que han llegado hasta el 36 % .

Cenicafé prevé 12,2 millones de sacos para el año cafetero

Ante este escenario, Cenicafé proyecta una cosecha total de 12,2 millones de sacos para el cierre del año cafetero 2026.

La estimación se basa en el seguimiento técnico realizado por el centro de investigación de la Federación Nacional de Cafeteros y en la evaluación de las condiciones productivas de las diferentes regiones cafeteras del país.

La cifra evidencia el impacto que está teniendo la variabilidad climática sobre el comportamiento de la caficultura colombiana.

La menor producción también se refleja en el comercio exterior.

Durante agosto, Colombia exportó 1,05 millones de sacos de café , un 10 % menos que en el mismo mes de 2025.

En los últimos 12 meses, las exportaciones acumularon 11,69 millones de sacos , lo que representa una reducción del 12 % frente al periodo anterior.

Para la Federación Nacional de Cafeteros, el resultado está relacionado directamente con la menor disponibilidad del grano.

En cuanto a las importaciones, en los últimos 12 meses ingresaron al país 1,55 millones de sacos , mientras que el consumo interno se mantiene en alrededor de 2,32 millones de sacos .

Variabilidad climática golpea la producción cafetera

Las cifras conocidas por la Federación Nacional de Cafeteros muestran un año marcado por fuertes fluctuaciones en la producción.

Aunque mayo y junio registraron incrementos importantes, el comportamiento del resto del año ha estado marcado por reducciones frente a 2025.

Para Bahamón, los resultados confirman el efecto de las condiciones climáticas sobre el sector.

“ Los datos confirman un año afectado por la variabilidad climática ”, concluyó el gerente general de la Federación Nacional de Cafeteros.

Con la cosecha proyectada en 12,2 millones de sacos , los próximos meses serán determinantes para establecer si la producción cafetera logra acercarse a las expectativas técnicas o si el comportamiento climático profundiza el ajuste productivo previsto para Colombia.

Le puede interesar: Huila ya envió 60 toneladas de ayuda a damnificados por el sismo",negativo
